ANO_EJE,REGION,TIPO_GOBIERNO,TIPO_GOBIERNO_NOMBRE,SECTOR,SECTOR_NOMBRE,PLIEGO,PLIEGO_NOMBRE,SEC_EJEC,EJECUTORA,EJECUTORA_NOMBRE,ALMACEN,SEC_ALMACEN,NOMBRE_ALMACEN,TIPO_TRANSAC,NOMBRE_TIPO_TRANSACCION,NRO_MOVIMTO,NRO_ORDEN,PROVEEDOR,NOMBRE_PROVEEDOR,OBSERVACION,FECHA_MOVIMTO,MES_MOVIMTO,NOMBRE_MES,TIPO_USO,NRO_GUIA,NRO_FACTURA,ESTADO_KARDEX,FECHA_REG,DOCUM_CONFIRMA,FECHA_CONFIRMA,GLOSA,TIPO_BIEN,GRUPO_BIEN,NOMBRE_GRUPO,CLASE_BIEN,NOMBRE_CLASE,FAMILIA_BIEN,NOMBRE_FAMILIA,ITEM_BIEN,NOMBRE_ITEM,UNIDAD_MEDIDA,UNIDAD_MEDIDA_DESC,MARCA,NOMBRE_MARCA,CANT_ARTICULO,PRECIO_UNIT,VALOR_TOTAL
2020,HUANUCO,R,GOBIERNO REGIONAL,99,GOBIERNOS REGIONALES,448,GOBIERNO REGIONAL DEL DEPARTAMENTO DE HUANUCO,1675,407,GOB. REG. HUANUCO - RED DE SALUD PUERTO INCA,2,0,ALMACEN DONACIONES Y TRANSFERENCIAS,4,NEA - DONACION,1,0,0,REGION HUANUCO-SALUD LEONCIO PRADO,,31-JUL-20,7,JULIO,C,01-2020,002-2020-GRHCO,CON CONFORMIDAD,06-AUG-20,002-2020-GRHCO-RSLP-DE-DA,31-JUL-20,BIENES RECIBIDOS DE LA RED DE SALUD LEONCIO PRADO SEGUN RESOLUCION N° 002-2020-GRHCO-RSLP-DE-DA  PARA EL PROGRAMA DE SALUD FAMILIAR,B,53,HOSPITALIZACIÓN,22,EQUIPO DE HOSPITALIZACIÓN ,6665,HEMOGLOBINÓMETRO,3,HEMOGLOBINOMETRO PORTATIL,112,UNIDAD,1256,EKF DIAGNOSTICS,6.0,3265.0,19590.0
2020,HUANUCO,R,GOBIERNO REGIONAL,99,GOBIERNOS REGIONALES,448,GOBIERNO REGIONAL DEL DEPARTAMENTO DE HUANUCO,1675,407,GOB. REG. HUANUCO - RED DE SALUD PUERTO INCA,2,0,ALMACEN DONACIONES Y TRANSFERENCIAS,4,NEA - DONACION,1,0,0,REGION HUANUCO-SALUD LEONCIO PRADO,,31-JUL-20,7,JULIO,C,01-2020,002-2020-GRHCO,CON CONFORMIDAD,06-AUG-20,002-2020-GRHCO-RSLP-DE-DA,31-JUL-20,BIENES RECIBIDOS DE LA RED DE SALUD LEONCIO PRADO SEGUN RESOLUCION N° 002-2020-GRHCO-RSLP-DE-DA  PARA EL PROGRAMA DE SALUD FAMILIAR,B,53,HOSPITALIZACIÓN,22,EQUIPO DE HOSPITALIZACIÓN ,4802,EQUIPO DOPPLER VASCULAR,3,EQUIPO DOPPLER FETAL PORTATIL,112,UNIDAD,1235,HUNTLEIGH,6.0,2154.0,12924.0
2020,HUANUCO,R,GOBIERNO REGIONAL,99,GOBIERNOS REGIONALES,448,GOBIERNO REGIONAL DEL DEPARTAMENTO DE HUANUCO,1675,407,GOB. REG. HUANUCO - RED DE SALUD PUERTO INCA,2,0,ALMACEN DONACIONES Y TRANSFERENCIAS,4,NEA - DONACION,1,0,0,REGION HUANUCO-SALUD LEONCIO PRADO,,31-JUL-20,7,JULIO,C,01-2020,002-2020-GRHCO,CON CONFORMIDAD,06-AUG-20,002-2020-GRHCO-RSLP-DE-DA,31-JUL-20,BIENES RECIBIDOS DE LA RED DE SALUD LEONCIO PRADO SEGUN RESOLUCION N° 002-2020-GRHCO-RSLP-DE-DA  PARA EL PROGRAMA DE SALUD FAMILIAR,B,60,INSTRUMENTO DE MEDICIÓN,22,EQUIPO INSTRUMENTOS DE MEDICIÓN ,8238,TALLÍMETRO (MAYOR A 1/4 UIT),21,TALLIMETRO (MAYOR A 1/4 UIT) DE MADERA MOVIL PARA ADULTOS,112,UNIDAD,656,NACIONAL,6.0,550.0,3300.0
2020,HUANUCO,R,GOBIERNO REGIONAL,99,GOBIERNOS REGIONALES,448,GOBIERNO REGIONAL DEL DEPARTAMENTO DE HUANUCO,1675,407,GOB. REG. HUANUCO - RED DE SALUD PUERTO INCA,2,0,ALMACEN DONACIONES Y TRANSFERENCIAS,4,NEA - DONACION,1,0,0,REGION HUANUCO-SALUD LEONCIO PRADO,,31-JUL-20,7,JULIO,C,01-2020,002-2020-GRHCO,CON CONFORMIDAD,06-AUG-20,002-2020-GRHCO-RSLP-DE-DA,31-JUL-20,BIENES RECIBIDOS DE LA RED DE SALUD LEONCIO PRADO SEGUN RESOLUCION N° 002-2020-GRHCO-RSLP-DE-DA  PARA EL PROGRAMA DE SALUD FAMILIAR,B,53,HOSPITALIZACIÓN,22,EQUIPO DE HOSPITALIZACIÓN ,8998,PANTOSCOPIO,5,PANTOSCOPIO PARA ADULTO,112,UNIDAD,1592,AMERICA DIAGNOSTIX,6.0,3100.0,18600.0
2020,HUANUCO,R,GOBIERNO REGIONAL,99,GOBIERNOS REGIONALES,448,GOBIERNO REGIONAL DEL DEPARTAMENTO DE HUANUCO,1675,407,GOB. REG. HUANUCO - RED DE SALUD PUERTO INCA,2,0,ALMACEN DONACIONES Y TRANSFERENCIAS,4,NEA - DONACION,1,0,0,REGION HUANUCO-SALUD LEONCIO PRADO,,31-JUL-20,7,JULIO,C,01-2020,002-2020-GRHCO,CON CONFORMIDAD,06-AUG-20,002-2020-GRHCO-RSLP-DE-DA,31-JUL-20,BIENES RECIBIDOS DE LA RED DE SALUD LEONCIO PRADO SEGUN RESOLUCION N° 002-2020-GRHCO-RSLP-DE-DA  PARA EL PROGRAMA DE SALUD FAMILIAR,B,53,HOSPITALIZACIÓN,22,EQUIPO DE HOSPITALIZACIÓN ,8998,PANTOSCOPIO,2,PANTOSCOPIO PEDIATRICO,112,UNIDAD,1592,AMERICA DIAGNOSTIX,6.0,3100.0,18600.0
2020,HUANUCO,R,GOBIERNO REGIONAL,99,GOBIERNOS REGIONALES,448,GOBIERNO REGIONAL DEL DEPARTAMENTO DE HUANUCO,1675,407,GOB. REG. HUANUCO - RED DE SALUD PUERTO INCA,2,0,ALMACEN DONACIONES Y TRANSFERENCIAS,4,NEA - DONACION,1,0,0,REGION HUANUCO-SALUD LEONCIO PRADO,,31-JUL-20,7,JULIO,C,01-2020,002-2020-GRHCO,CON CONFORMIDAD,06-AUG-20,002-2020-GRHCO-RSLP-DE-DA,31-JUL-20,BIENES RECIBIDOS DE LA RED DE SALUD LEONCIO PRADO SEGUN RESOLUCION N° 002-2020-GRHCO-RSLP-DE-DA  PARA EL PROGRAMA DE SALUD FAMILIAR,B,60,INSTRUMENTO DE MEDICIÓN,22,EQUIPO INSTRUMENTOS DE MEDICIÓN ,738,BALANZA DIGITAL,3,BALANZA DIGITAL CAPACIDAD 100 kg,112,UNIDAD,320,SECA,6.0,1450.0,8700.0
2020,HUANUCO,R,GOBIERNO REGIONAL,99,GOBIERNOS REGIONALES,448,GOBIERNO REGIONAL DEL DEPARTAMENTO DE HUANUCO,1675,407,GOB. REG. HUANUCO - RED DE SALUD PUERTO INCA,2,0,ALMACEN DONACIONES Y TRANSFERENCIAS,4,NEA - DONACION,1,0,0,REGION HUANUCO-SALUD LEONCIO PRADO,,31-JUL-20,7,JULIO,C,01-2020,002-2020-GRHCO,CON CONFORMIDAD,06-AUG-20,002-2020-GRHCO-RSLP-DE-DA,31-JUL-20,BIENES RECIBIDOS DE LA RED DE SALUD LEONCIO PRADO SEGUN RESOLUCION N° 002-2020-GRHCO-RSLP-DE-DA  PARA EL PROGRAMA DE SALUD FAMILIAR,B,60,INSTRUMENTO DE MEDICIÓN,22,EQUIPO INSTRUMENTOS DE MEDICIÓN ,4604,GLUCÓMETRO,2,GLUCOMETRO PORTATIL,112,UNIDAD,1278,ACCU-CHEK,6.0,603.0,3618.0
2020,HUANUCO,R,GOBIERNO REGIONAL,99,GOBIERNOS REGIONALES,448,GOBIERNO REGIONAL DEL DEPARTAMENTO DE HUANUCO,1675,407,GOB. REG. HUANUCO - RED DE SALUD PUERTO INCA,2,0,ALMACEN DONACIONES Y TRANSFERENCIAS,4,NEA - DONACION,1,0,0,REGION HUANUCO-SALUD LEONCIO PRADO,,31-JUL-20,7,JULIO,C,01-2020,002-2020-GRHCO,CON CONFORMIDAD,06-AUG-20,002-2020-GRHCO-RSLP-DE-DA,31-JUL-20,BIENES RECIBIDOS DE LA RED DE SALUD LEONCIO PRADO SEGUN RESOLUCION N° 002-2020-GRHCO-RSLP-DE-DA  PARA EL PROGRAMA DE SALUD FAMILIAR,B,53,HOSPITALIZACIÓN,64,MOBILIARIO DE HOSPITALIZACIÓN,9831,TERMO PARA TRANSPORTE DE BIOLÓGICOS Y VACUNAS,2,TERMO PORTA VACUNAS 1.7 L,112,UNIDAD,20008,KST - THE THERMOS COMPANY,6.0,420.0,2520.0
2020,HUANUCO,R,GOBIERNO REGIONAL,99,GOBIERNOS REGIONALES,448,GOBIERNO REGIONAL DEL DEPARTAMENTO DE HUANUCO,1675,407,GOB. REG. HUANUCO - RED DE SALUD PUERTO INCA,2,0,ALMACEN DONACIONES Y TRANSFERENCIAS,4,NEA - DONACION,1,0,0,REGION HUANUCO-SALUD LEONCIO PRADO,,31-JUL-20,7,JULIO,C,01-2020,002-2020-GRHCO,CON CONFORMIDAD,06-AUG-20,002-2020-GRHCO-RSLP-DE-DA,31-JUL-20,BIENES RECIBIDOS DE LA RED DE SALUD LEONCIO PRADO SEGUN RESOLUCION N° 002-2020-GRHCO-RSLP-DE-DA  PARA EL PROGRAMA DE SALUD FAMILIAR,B,49,"ACCES., REPUEST. DE EQ. MÉDICOS Y QUIRÚRG. Y SUMINIST. MÉDIC.(INC. MATER. MED. INSTR. Y ROPA DESC.)",51,INSTRUMENTAL MÉDICO QUIRURGICO,6,ESTETOSCOPIO ,12,ESTETOSCOPIO CLINICO ADULTO,112,UNIDAD,671,RIESTER,6.0,249.0,1494.0
2020,HUANUCO,R,GOBIERNO REGIONAL,99,GOBIERNOS REGIONALES,448,GOBIERNO REGIONAL DEL DEPARTAMENTO DE HUANUCO,1675,407,GOB. REG. HUANUCO - RED DE SALUD PUERTO INCA,2,0,ALMACEN DONACIONES Y TRANSFERENCIAS,4,NEA - DONACION,1,0,0,REGION HUANUCO-SALUD LEONCIO PRADO,,31-JUL-20,7,JULIO,C,01-2020,002-2020-GRHCO,CON CONFORMIDAD,06-AUG-20,002-2020-GRHCO-RSLP-DE-DA,31-JUL-20,BIENES RECIBIDOS DE LA RED DE SALUD LEONCIO PRADO SEGUN RESOLUCION N° 002-2020-GRHCO-RSLP-DE-DA  PARA EL PROGRAMA DE SALUD FAMILIAR,B,49,"ACCES., REPUEST. DE EQ. MÉDICOS Y QUIRÚRG. Y SUMINIST. MÉDIC.(INC. MATER. MED. INSTR. Y ROPA DESC.)",51,INSTRUMENTAL MÉDICO QUIRURGICO,13,SET DE INSTRUMENTAL Y OTROS INSTRUMENTALES,115,LINTERNA PARA EXAMEN MEDICO TIPO LAPICERO,112,UNIDAD,671,RIESTER,6.0,80.0,480.0
2020,HUANUCO,R,GOBIERNO REGIONAL,99,GOBIERNOS REGIONALES,448,GOBIERNO REGIONAL DEL DEPARTAMENTO DE HUANUCO,1675,407,GOB. REG. HUANUCO - RED DE SALUD PUERTO INCA,2,0,ALMACEN DONACIONES Y TRANSFERENCIAS,4,NEA - DONACION,1,0,0,REGION HUANUCO-SALUD LEONCIO PRADO,,31-JUL-20,7,JULIO,C,01-2020,002-2020-GRHCO,CON CONFORMIDAD,06-AUG-20,002-2020-GRHCO-RSLP-DE-DA,31-JUL-20,BIENES RECIBIDOS DE LA RED DE SALUD LEONCIO PRADO SEGUN RESOLUCION N° 002-2020-GRHCO-RSLP-DE-DA  PARA EL PROGRAMA DE SALUD FAMILIAR,B,49,"ACCES., REPUEST. DE EQ. MÉDICOS Y QUIRÚRG. Y SUMINIST. MÉDIC.(INC. MATER. MED. INSTR. Y ROPA DESC.)",70,ACCESORIOS PARA USO MÉDICOS,2,ACCESORIOS PARA USO MÉDICOS - OTROS,267,CINTA METRICA PARA MEDIDAS ANTROPOMETRICAS DE 2 cm X 1.50 m,112,UNIDAD,320,SECA,6.0,40.0,240.0
2020,HUANUCO,R,GOBIERNO REGIONAL,99,GOBIERNOS REGIONALES,448,GOBIERNO REGIONAL DEL DEPARTAMENTO DE HUANUCO,1675,407,GOB. REG. HUANUCO - RED DE SALUD PUERTO INCA,2,0,ALMACEN DONACIONES Y TRANSFERENCIAS,4,NEA - DONACION,1,0,0,REGION HUANUCO-SALUD LEONCIO PRADO,,31-JUL-20,7,JULIO,C,01-2020,002-2020-GRHCO,CON CONFORMIDAD,06-AUG-20,002-2020-GRHCO-RSLP-DE-DA,31-JUL-20,BIENES RECIBIDOS DE LA RED DE SALUD LEONCIO PRADO SEGUN RESOLUCION N° 002-2020-GRHCO-RSLP-DE-DA  PARA EL PROGRAMA DE SALUD FAMILIAR,B,49,"ACCES., REPUEST. DE EQ. MÉDICOS Y QUIRÚRG. Y SUMINIST. MÉDIC.(INC. MATER. MED. INSTR. Y ROPA DESC.)",51,INSTRUMENTAL MÉDICO QUIRURGICO,6,ESTETOSCOPIO ,24,ESTETOSCOPIO CLINICO PEDIATRICO,112,UNIDAD,671,RIESTER,6.0,255.0,1530.0
2020,HUANUCO,R,GOBIERNO REGIONAL,99,GOBIERNOS REGIONALES,448,GOBIERNO REGIONAL DEL DEPARTAMENTO DE HUANUCO,1675,407,GOB. REG. HUANUCO - RED DE SALUD PUERTO INCA,2,0,ALMACEN DONACIONES Y TRANSFERENCIAS,4,NEA - DONACION,1,0,0,REGION HUANUCO-SALUD LEONCIO PRADO,,31-JUL-20,7,JULIO,C,01-2020,002-2020-GRHCO,CON CONFORMIDAD,06-AUG-20,002-2020-GRHCO-RSLP-DE-DA,31-JUL-20,BIENES RECIBIDOS DE LA RED DE SALUD LEONCIO PRADO SEGUN RESOLUCION N° 002-2020-GRHCO-RSLP-DE-DA  PARA EL PROGRAMA DE SALUD FAMILIAR,B,53,HOSPITALIZACIÓN,22,EQUIPO DE HOSPITALIZACIÓN ,6393,FETOSCOPIO,1,FETOSCOPIO,112,UNIDAD,671,RIESTER,6.0,145.0,870.0
2020,HUANUCO,R,GOBIERNO REGIONAL,99,GOBIERNOS REGIONALES,448,GOBIERNO REGIONAL DEL DEPARTAMENTO DE HUANUCO,1675,407,GOB. REG. HUANUCO - RED DE SALUD PUERTO INCA,2,0,ALMACEN DONACIONES Y TRANSFERENCIAS,4,NEA - DONACION,1,0,0,REGION HUANUCO-SALUD LEONCIO PRADO,,31-JUL-20,7,JULIO,C,01-2020,002-2020-GRHCO,CON CONFORMIDAD,06-AUG-20,002-2020-GRHCO-RSLP-DE-DA,31-JUL-20,BIENES RECIBIDOS DE LA RED DE SALUD LEONCIO PRADO SEGUN RESOLUCION N° 002-2020-GRHCO-RSLP-DE-DA  PARA EL PROGRAMA DE SALUD FAMILIAR,B,49,"ACCES., REPUEST. DE EQ. MÉDICOS Y QUIRÚRG. Y SUMINIST. MÉDIC.(INC. MATER. MED. INSTR. Y ROPA DESC.)",57,MATERIAL MÉDICO,22,CINTA OBSTÉTRICA,1,CINTA OBSTETRICA,112,UNIDAD,656,NACIONAL,6.0,30.0,180.0
2020,HUANUCO,R,GOBIERNO REGIONAL,99,GOBIERNOS REGIONALES,448,GOBIERNO REGIONAL DEL DEPARTAMENTO DE HUANUCO,1675,407,GOB. REG. HUANUCO - RED DE SALUD PUERTO INCA,2,0,ALMACEN DONACIONES Y TRANSFERENCIAS,4,NEA - DONACION,1,0,0,REGION HUANUCO-SALUD LEONCIO PRADO,,31-JUL-20,7,JULIO,C,01-2020,002-2020-GRHCO,CON CONFORMIDAD,06-AUG-20,002-2020-GRHCO-RSLP-DE-DA,31-JUL-20,BIENES RECIBIDOS DE LA RED DE SALUD LEONCIO PRADO SEGUN RESOLUCION N° 002-2020-GRHCO-RSLP-DE-DA  PARA EL PROGRAMA DE SALUD FAMILIAR,B,28,ELECTRICIDAD E ILUMINACIÓN: MATERIALES Y ACCESORIOS,34,ELECTRICIDAD  :  ACCESORIOS,9,OTROS ACCESORIOS DE ELECTRICIDAD,280,CARGADOR PARA PILAS TIPO AA,112,UNIDAD,1594,S/M,4.0,95.0,380.0
2020,HUANUCO,R,GOBIERNO REGIONAL,99,GOBIERNOS REGIONALES,448,GOBIERNO REGIONAL DEL DEPARTAMENTO DE HUANUCO,1675,407,GOB. REG. HUANUCO - RED DE SALUD PUERTO INCA,2,0,ALMACEN DONACIONES Y TRANSFERENCIAS,4,NEA - DONACION,2,0,0,REGION HUANUCO - RED DE SALUD HUANUCO,PREVENCION Y CONTROL DE CANCER  DONACION DE MELETIN DE LONA CON LOGOTIPO PARA LA DISTRIBUCION,12-OCT-20,10,OCTUBRE,C,02035,PCS -512,CON CONFORMIDAD,27-OCT-20,PCS - 512-2020,27-OCT-20, DONACION Y TRANSFERENCIA DE MALETIN DE LONA CON LOGOTIPO PARA DISTRIBUCION AL PERSONAL DE SALUD.,B,89,"VESTUARIO, ZAPATERÍA Y ACCESORIOS, TALABARTERÍA Y MATERIALES TEXTILES",3,"MALETAS, MALETINES, ESTUCHES Y AFINES",1,MALETAS Y MALETINES (EXCEPTO LOS CONTROLADOS POR LA SBN),42,MALETÍN (MENOR A 1/4 DE LA UIT) DE LONA IMPRESO,112,UNIDAD,1594,S/M,10.0,45.0,450.0
2020,HUANUCO,R,GOBIERNO REGIONAL,99,GOBIERNOS REGIONALES,448,GOBIERNO REGIONAL DEL DEPARTAMENTO DE HUANUCO,1675,407,GOB. REG. HUANUCO - RED DE SALUD PUERTO INCA,2,0,ALMACEN DONACIONES Y TRANSFERENCIAS,4,NEA - DONACION,3,0,0,DIRECCION DE PUEBLOS INDIGENAS U ORIGINARIOS - MINSA,,27-OCT-20,10,OCTUBRE,C,02975,O/C 843-2020,CON CONFORMIDAD,06-NOV-20,N° PED: 02975,27-OCT-20,DONACION TRANSFERENCIA DE MASCARILLA FACIAL TEXTIL DE USO COMUNITARIO DE LA DIRECCION DE PUEBLOS INDIGENAS U ORIGINARIOS - MINSA,B,80,"SEGURIDAD: REPUESTOS, ACCESORIOS Y PROTECTORES",50,INDUMENTARIA Y PROTECTORES PARA PERSONAS,3,MASCARILLAS Y PROTECTORES DE SEGURIDAD,145,MASCARILLA FACIAL TEXTIL DE USO COMUNITARIO,112,UNIDAD,1637,O/C 843 - MINSA,38564.0,2.84,109521.76
2020,HUANUCO,R,GOBIERNO REGIONAL,99,GOBIERNOS REGIONALES,448,GOBIERNO REGIONAL DEL DEPARTAMENTO DE HUANUCO,1675,407,GOB. REG. HUANUCO - RED DE SALUD PUERTO INCA,2,0,ALMACEN DONACIONES Y TRANSFERENCIAS,4,NEA - DONACION,4,0,0,DIRECCION DE PUEBLOS INDIGENAS U ORIGINARIOS - MINSA,,29-OCT-20,10,OCTUBRE,C,05424,O/C 787-835,CON CONFORMIDAD,06-NOV-20,COMP: 3128-MINSA,29-OCT-20,DONACION Y  TRANSFERENCIA DE GEL ANTIBANTERIAL PARA MANOS DE 1 L APROX Y DE 250 ML PARA PUEBLOS INDIGENAS,B,13,"ASEO, LIMPIEZA Y TOCADOR  :   REPUESTOS, ACCESORIOS, ÚTILES Y MATERIALES",92,TOCADOR Y COSMETOLOGÍA: MATERIALES,50,GEL ANTIBACTERIAL PARA MANOS,1,GEL ANTIBACTERIAL PARA MANOS X 1 L APROX.,112,UNIDAD,1638,O/C 787-2020,40.0,12.566999,502.68
2020,HUANUCO,R,GOBIERNO REGIONAL,99,GOBIERNOS REGIONALES,448,GOBIERNO REGIONAL DEL DEPARTAMENTO DE HUANUCO,1675,407,GOB. REG. HUANUCO - RED DE SALUD PUERTO INCA,2,0,ALMACEN DONACIONES Y TRANSFERENCIAS,4,NEA - DONACION,4,0,0,DIRECCION DE PUEBLOS INDIGENAS U ORIGINARIOS - MINSA,,29-OCT-20,10,OCTUBRE,C,05424,O/C 787-835,CON CONFORMIDAD,06-NOV-20,COMP: 3128-MINSA,29-OCT-20,DONACION Y  TRANSFERENCIA DE GEL ANTIBANTERIAL PARA MANOS DE 1 L APROX Y DE 250 ML PARA PUEBLOS INDIGENAS,B,13,"ASEO, LIMPIEZA Y TOCADOR  :   REPUESTOS, ACCESORIOS, ÚTILES Y MATERIALES",92,TOCADOR Y COSMETOLOGÍA: MATERIALES,50,GEL ANTIBACTERIAL PARA MANOS,5,GEL ANTIBACTERIAL PARA MANOS X 250 mL APROX.,112,UNIDAD,1639,O/C 835-2020-MINSA,30852.0,6.0,185112.0
2020,HUANUCO,R,GOBIERNO REGIONAL,99,GOBIERNOS REGIONALES,448,GOBIERNO REGIONAL DEL DEPARTAMENTO DE HUANUCO,1675,407,GOB. REG. HUANUCO - RED DE SALUD PUERTO INCA,2,0,ALMACEN DONACIONES Y TRANSFERENCIAS,4,NEA - DONACION,5,0,0,DIRECCION DE PUEBLOS  INDIGENAS - MINSA,,29-OCT-20,10,OCTUBRE,C,04792,O/C 2785,CON CONFORMIDAD,06-NOV-20,COMP. 02785,29-OCT-20,DONACION Y TRASFERENCIA DE OXIMETRO DE PULSOS ADULTO Y TERMOMETRO DIGITAL RANGO 20 A 70 CON SENSOR EXTERNO,B,53,HOSPITALIZACIÓN,22,EQUIPO DE HOSPITALIZACIÓN ,8839,OXÍMETRO DE PULSOS,8,OXIMETRO DE PULSOS ADULTO - PEDIATRICO,112,UNIDAD,1355,BIOLIGHT,209.0,82.5,17242.5
2020,HUANUCO,R,GOBIERNO REGIONAL,99,GOBIERNOS REGIONALES,448,GOBIERNO REGIONAL DEL DEPARTAMENTO DE HUANUCO,1675,407,GOB. REG. HUANUCO - RED DE SALUD PUERTO INCA,2,0,ALMACEN DONACIONES Y TRANSFERENCIAS,4,NEA - DONACION,5,0,0,DIRECCION DE PUEBLOS  INDIGENAS - MINSA,,29-OCT-20,10,OCTUBRE,C,04792,O/C 2785,CON CONFORMIDAD,06-NOV-20,COMP. 02785,29-OCT-20,DONACION Y TRASFERENCIA DE OXIMETRO DE PULSOS ADULTO Y TERMOMETRO DIGITAL RANGO 20 A 70 CON SENSOR EXTERNO,B,51,"LABORATORIO Y GABINETE: IMPLEMENTOS, MATERIALES, REPUESTOS Y ACCESORIOS",10,LABORATORIO Y GABINETE: IMPLEMENTOS,11,TERMÓMETROS PARA USO EN LABORATORIO,171,TERMÓMETRO DIGITAL RANGO -20.0 ºC A 70.0 ºC  CON SENSOR EXTERNO,112,UNIDAD,1366,CONTEC,10.0,88.98,889.8
2020,HUANUCO,R,GOBIERNO REGIONAL,99,GOBIERNOS REGIONALES,448,GOBIERNO REGIONAL DEL DEPARTAMENTO DE HUANUCO,1675,407,GOB. REG. HUANUCO - RED DE SALUD PUERTO INCA,2,0,ALMACEN DONACIONES Y TRANSFERENCIAS,4,NEA - DONACION,6,0,0,REGION HUANUCO-SALUD,,17-NOV-20,11,NOVIEMBRE,C,PCS: 650,N° 2429,CON CONFORMIDAD,07-DEC-20,PECS: 650,17-NOV-20,DONACION Y TRASFERENCIA -DIRECCION REGIONAL DE SALUD HUANUCO,B,4,AGRÍCOLA Y PESQUERO,22,EQUIPO AGRÍCOLAS Y PESQUEROS,4810,FUMIGADORAS EN GENERAL,8,FUMIGADORAS EN GENERAL - TERMONEBULIZADOR DE CAÑON LARGO,112,UNIDAD,1659,SWINGTEC/OC,2.0,3166.088,6332.18
2020,HUANUCO,R,GOBIERNO REGIONAL,99,GOBIERNOS REGIONALES,448,GOBIERNO REGIONAL DEL DEPARTAMENTO DE HUANUCO,1455,406,GOB. REG. HUANUCO - SALUD DOS DE MAYO,1,2,DONACIONES Y TRANSFERENCIAS,4,NEA - DONACION,1,0,0,CAFAE - GOBIERNO REGIONAL DE HUÁNUCO,ACTA DE DONACION DEL GOBIERNO REGIONAL HCO (OFICIO N°5500-2020-GR-HCO-GDS-DRS-DG-DESA)DONACION,30-DEC-20,12,DICIEMBRE,C,OF-5500-20,OFICIO N°5500,CON CONFORMIDAD,30-DEC-20,OFICIO N°5500-2020-GR-HCO-GDS-DRS-DG-DESA,30-DEC-20,OFICIO N°5500-2020-GR-HCO-GDS-DRS-DG-DESA,B,35,PRODUCTOS QUÍMICOS INCLUYE BIO-QUÍMICOS Y GASES INDUSTR. Y REACTIVOS DE ANÁLISIS CLÍNICOS Y DIAG,86,"REACTIVOS Y OTROS SIMILAR P/ANAL. DE ANATOMOPATOLOGÍA, INMUNOLOGÍA, CITOGENET., BIOLOG MOLEC Y OTROS",5,ESTÁNDARES Y MARCADORES PARA USO EN LABORATORIO,870,SOLUCIÓN TAMPÓN (BUFFER) pH 10.00 +/- 0.01 (25 ºC) X 500 mL,112,UNIDAD,149,HANNA,5.0,110.0,550.0
2020,HUANUCO,R,GOBIERNO REGIONAL,99,GOBIERNOS REGIONALES,448,GOBIERNO REGIONAL DEL DEPARTAMENTO DE HUANUCO,810,400,REGION HUANUCO-SALUD,1,36,TRANSFERENCIAS Y DONACIONES,4,NEA - DONACION,266,0,0,CHINA RAILWAY 20 BUREAU GROUP CORPORATION,DONACION CHINA RAILWAY 20 BUREAU GROUP CORPORATION,06-AUG-20,8,AGOSTO,C,NEA266,MEMORANDUM 047,CON CONFORMIDAD,06-AUG-20,MEMORANDUM N° 047-2020-GR-HCO/DRS-DG-DEA-OL,06-AUG-20,DONACION PARA LOS ESTABLECIMIENTOS DE SALUD DE LA DIRECCION REGIONAL DE SALUD HUANUCO.,B,74,OFICINA,8,CÓMPUTO,3650,IMPRESORA A INYECCIÓN DE TINTA,53,IMPRESORA A INYECCION DE TINTA A COLOR,112,UNIDAD,115,EPSON,2.0,1025.0,2050.0
2020,HUANUCO,R,GOBIERNO REGIONAL,99,GOBIERNOS REGIONALES,448,GOBIERNO REGIONAL DEL DEPARTAMENTO DE HUANUCO,810,400,REGION HUANUCO-SALUD,1,36,TRANSFERENCIAS Y DONACIONES,4,NEA - DONACION,266,0,0,CHINA RAILWAY 20 BUREAU GROUP CORPORATION,DONACION CHINA RAILWAY 20 BUREAU GROUP CORPORATION,06-AUG-20,8,AGOSTO,C,NEA266,MEMORANDUM 047,CON CONFORMIDAD,06-AUG-20,MEMORANDUM N° 047-2020-GR-HCO/DRS-DG-DEA-OL,06-AUG-20,DONACION PARA LOS ESTABLECIMIENTOS DE SALUD DE LA DIRECCION REGIONAL DE SALUD HUANUCO.,B,80,"SEGURIDAD: REPUESTOS, ACCESORIOS Y PROTECTORES",50,INDUMENTARIA Y PROTECTORES PARA PERSONAS,3,MASCARILLAS Y PROTECTORES DE SEGURIDAD,125,CARETA PROTECTORA DE POLICARBONATO,112,UNIDAD,328,SIN MARCA,50.0,20.0,1000.0
2020,HUANUCO,R,GOBIERNO REGIONAL,99,GOBIERNOS REGIONALES,448,GOBIERNO REGIONAL DEL DEPARTAMENTO DE HUANUCO,810,400,REGION HUANUCO-SALUD,1,36,TRANSFERENCIAS Y DONACIONES,4,NEA - DONACION,266,0,0,CHINA RAILWAY 20 BUREAU GROUP CORPORATION,DONACION CHINA RAILWAY 20 BUREAU GROUP CORPORATION,06-AUG-20,8,AGOSTO,C,NEA266,MEMORANDUM 047,CON CONFORMIDAD,06-AUG-20,MEMORANDUM N° 047-2020-GR-HCO/DRS-DG-DEA-OL,06-AUG-20,DONACION PARA LOS ESTABLECIMIENTOS DE SALUD DE LA DIRECCION REGIONAL DE SALUD HUANUCO.,B,74,OFICINA,8,CÓMPUTO,9956,UNIDAD CENTRAL DE PROCESO CON TECLADO INCORPORADO,1,UNIDAD CENTRAL DE PROCESO CON TECLADO INCORPORADO,112,UNIDAD,2509,LENOVO,1.0,2155.0,2155.0
2020,HUANUCO,R,GOBIERNO REGIONAL,99,GOBIERNOS REGIONALES,448,GOBIERNO REGIONAL DEL DEPARTAMENTO DE HUANUCO,810,400,REGION HUANUCO-SALUD,1,36,TRANSFERENCIAS Y DONACIONES,4,NEA - DONACION,277,0,0,ADMINISTRACION CENTRAL - MINSA,OFICINA GENERAL DE COMUNICACIONES ( MINSA),11-AUG-20,8,AGOSTO,C,NEA 277,GUIA 0061,CON CONFORMIDAD,11-AUG-20,MEMORANDUM N° 052-2020-GR-HCO/DRS-DG-DEA-OL,11-AUG-20,MATERIAL PARA EL CUMPLIMIENTO DE LAS ACTIVIDADES DE LA OFICINA DE COMUNICACIONES DIRESA - HCO.,B,13,"ASEO, LIMPIEZA Y TOCADOR  :   REPUESTOS, ACCESORIOS, ÚTILES Y MATERIALES",92,TOCADOR Y COSMETOLOGÍA: MATERIALES,50,GEL ANTIBACTERIAL PARA MANOS,12,GEL ANTIBACTERIAL PARA MANOS X 80 mL APROX.,112,UNIDAD,328,SIN MARCA,500.0,7.6,3800.0
2020,HUANUCO,R,GOBIERNO REGIONAL,99,GOBIERNOS REGIONALES,448,GOBIERNO REGIONAL DEL DEPARTAMENTO DE HUANUCO,810,400,REGION HUANUCO-SALUD,1,36,TRANSFERENCIAS Y DONACIONES,4,NEA - DONACION,277,0,0,ADMINISTRACION CENTRAL - MINSA,OFICINA GENERAL DE COMUNICACIONES ( MINSA),11-AUG-20,8,AGOSTO,C,NEA 277,GUIA 0061,CON CONFORMIDAD,11-AUG-20,MEMORANDUM N° 052-2020-GR-HCO/DRS-DG-DEA-OL,11-AUG-20,MATERIAL PARA EL CUMPLIMIENTO DE LAS ACTIVIDADES DE LA OFICINA DE COMUNICACIONES DIRESA - HCO.,B,13,"ASEO, LIMPIEZA Y TOCADOR  :   REPUESTOS, ACCESORIOS, ÚTILES Y MATERIALES",92,TOCADOR Y COSMETOLOGÍA: MATERIALES,10,JABONES PARA MANOS Y CUERPO,115,JABON GERMICIDA EN BARRA X 75 g APROX.,112,UNIDAD,328,SIN MARCA,500.0,4.0,2000.0
2020,HUANUCO,R,GOBIERNO REGIONAL,99,GOBIERNOS REGIONALES,448,GOBIERNO REGIONAL DEL DEPARTAMENTO DE HUANUCO,810,400,REGION HUANUCO-SALUD,1,36,TRANSFERENCIAS Y DONACIONES,4,NEA - DONACION,348,0,0,CIA MINERA RAURA S A,MEMORANDUM N° 056-2020-GR-HCO/DRS-DG-DEA-OL. MINERA RAURA S.A.,28-AUG-20,8,AGOSTO,C,NEA 348,ACTA,CON CONFORMIDAD,28-AUG-20,MEMORANDUM N° 056-2020-GR-HCO/DRS-DG-DEA-OL,31-AUG-20,DONACION PARA LOS EE.SS.DIRESA HCO.,B,87,TALLERES  :   REPUESTOS Y ACCESORIOS,90,TALLER DE METAL MECÁNICA : RPTOS Y ACCESORIOS E IMPLEMENTOS,2,TALLER DE METAL MECÁNICA :RPTOS. Y ACCESORIOS OTROS,11,BALÓN PARA OXÍGENO INDUSTRIAL 10 m3,112,UNIDAD,3145,KICSHI,50.0,4250.0,212500.0
2020,HUANUCO,R,GOBIERNO REGIONAL,99,GOBIERNOS REGIONALES,448,GOBIERNO REGIONAL DEL DEPARTAMENTO DE HUANUCO,810,400,REGION HUANUCO-SALUD,1,36,TRANSFERENCIAS Y DONACIONES,4,NEA - DONACION,349,0,0,ULTRA CONTROLO INTERNATIONAL PERÚ S.A.C.-UCIP S.A.C.,DONACION DE ULTRA CONTROLO INTERNATIONAL PERU S.A.C. PARA DIRESA HUANUCO.,11-NOV-20,11,NOVIEMBRE,C,NEA 494,MEMO N°091-2020,CON CONFORMIDAD,11-NOV-20,MEMORANDUM N°091-2020,11-NOV-20,TRANSFERENCIA PARA LOS EE.SS. ALMACEN DE MEDICAMENTOS DE DIRESA-HCO.,B,53,HOSPITALIZACIÓN,22,EQUIPO DE HOSPITALIZACIÓN ,2299,CONCENTRADOR DE OXÍGENO,1,CONCENTRADOR DE OXIGENO,112,UNIDAD,3218,ULTRAOX 8,8.0,3500.0,28000.0
2020,HUANUCO,R,GOBIERNO REGIONAL,99,GOBIERNOS REGIONALES,448,GOBIERNO REGIONAL DEL DEPARTAMENTO DE HUANUCO,810,400,REGION HUANUCO-SALUD,1,36,TRANSFERENCIAS Y DONACIONES,4,NEA - DONACION,350,0,0,"MINISTERIO DE VIVIENDA, CONSTRUCCION Y SANEAMIENTO- ADM. GENERAL",SEGUN ACTA DE DONACION DE EQUIPOS DE GPS,29-DEC-20,12,DICIEMBRE,C,NEA 562,MEMON°123/2020,CON CONFORMIDAD,29-DEC-20,MEMO N° 123-2020-GR-HCO/DRS-DG-DEA-OL.,29-DEC-20,ADQUIRIDO PARA LA OFICINA DE SALUD AMBIENTAL DIRESA - HCO.,B,95,TELECOMUNICACIONES,22,EQUIPO DE TELECOMUNICACIONES ,3186,EQUIPO DE POSICIONAMIENTO - GPS,1,EQUIPO DE POSICIONAMIENTO - GPS,112,UNIDAD,1495,GARMIN,2.0,1440.0,2880.0
2020,HUANUCO,R,GOBIERNO REGIONAL,99,GOBIERNOS REGIONALES,448,GOBIERNO REGIONAL DEL DEPARTAMENTO DE HUANUCO,1454,405,GOB. REG. HUANUCO - SALUD HUAMALIES,1,2,DONACIONES Y TRANFERENCIAS,4,NEA - DONACION,1,0,0,COMPANIA MINERA ANTAMINA S.A,,31-JUL-20,7,JULIO,C,3,009-Nº 0087408,CON CONFORMIDAD,31-JUL-20,GUIA DE REMISION 009 N°87408,03-AUG-20,DONACION DE BALONES DE OXÍGENO,B,87,TALLERES  :   REPUESTOS Y ACCESORIOS,90,TALLER DE METAL MECÁNICA : RPTOS Y ACCESORIOS E IMPLEMENTOS,2,TALLER DE METAL MECÁNICA :RPTOS. Y ACCESORIOS OTROS,11,BALÓN PARA OXÍGENO INDUSTRIAL 10 m3,112,UNIDAD,328,SIN MARCA,6.0,300.0,1800.0
2020,HUANUCO,R,GOBIERNO REGIONAL,99,GOBIERNOS REGIONALES,448,GOBIERNO REGIONAL DEL DEPARTAMENTO DE HUANUCO,1454,405,GOB. REG. HUANUCO - SALUD HUAMALIES,1,2,DONACIONES Y TRANFERENCIAS,4,NEA - DONACION,2,0,0,REGION HUANUCO-SALUD,,06-AUG-20,8,AGOSTO,C,2,0326,CON CONFORMIDAD,06-AUG-20,PECOSA N°0326,06-AUG-20,DONACION DE OXIMETRO DE PULSOS,B,53,HOSPITALIZACIÓN,22,EQUIPO DE HOSPITALIZACIÓN ,8839,OXÍMETRO DE PULSOS,1,OXIMETRO DE PULSOS,112,UNIDAD,1249,CONTEC,68.0,88.0,5984.0
2020,HUANUCO,R,GOBIERNO REGIONAL,99,GOBIERNOS REGIONALES,448,GOBIERNO REGIONAL DEL DEPARTAMENTO DE HUANUCO,1454,405,GOB. REG. HUANUCO - SALUD HUAMALIES,1,2,DONACIONES Y TRANFERENCIAS,4,NEA - DONACION,3,0,0,REGION HUANUCO-SALUD LEONCIO PRADO,DONACION CON RESOLUCION ADMINISTRATIVA N°002-2020-GRHCO-RSLP-DE-DA,11-AUG-20,8,AGOSTO,C,3,N°002-2020,CON CONFORMIDAD,11-AUG-20,RESOLUCION N°002-2020,11-AUG-20,DONACION DE EQUIPOS DE LA RED DE SALUD LEONCIO PRADO.,B,53,HOSPITALIZACIÓN,22,EQUIPO DE HOSPITALIZACIÓN ,4802,EQUIPO DOPPLER VASCULAR,3,EQUIPO DOPPLER FETAL PORTATIL,112,UNIDAD,1330,HUNTLEIGH,3.0,2118.1,6354.3
2020,HUANUCO,R,GOBIERNO REGIONAL,99,GOBIERNOS REGIONALES,448,GOBIERNO REGIONAL DEL DEPARTAMENTO DE HUANUCO,1454,405,GOB. REG. HUANUCO - SALUD HUAMALIES,1,2,DONACIONES Y TRANFERENCIAS,4,NEA - DONACION,3,0,0,REGION HUANUCO-SALUD LEONCIO PRADO,DONACION CON RESOLUCION ADMINISTRATIVA N°002-2020-GRHCO-RSLP-DE-DA,11-AUG-20,8,AGOSTO,C,3,N°002-2020,CON CONFORMIDAD,11-AUG-20,RESOLUCION N°002-2020,11-AUG-20,DONACION DE EQUIPOS DE LA RED DE SALUD LEONCIO PRADO.,B,53,HOSPITALIZACIÓN,22,EQUIPO DE HOSPITALIZACIÓN ,6665,HEMOGLOBINÓMETRO,3,HEMOGLOBINOMETRO PORTATIL,112,UNIDAD,1757,EKF,3.0,3210.58,9631.74
2020,HUANUCO,R,GOBIERNO REGIONAL,99,GOBIERNOS REGIONALES,448,GOBIERNO REGIONAL DEL DEPARTAMENTO DE HUANUCO,1454,405,GOB. REG. HUANUCO - SALUD HUAMALIES,1,2,DONACIONES Y TRANFERENCIAS,4,NEA - DONACION,3,0,0,REGION HUANUCO-SALUD LEONCIO PRADO,DONACION CON RESOLUCION ADMINISTRATIVA N°002-2020-GRHCO-RSLP-DE-DA,11-AUG-20,8,AGOSTO,C,3,N°002-2020,CON CONFORMIDAD,11-AUG-20,RESOLUCION N°002-2020,11-AUG-20,DONACION DE EQUIPOS DE LA RED DE SALUD LEONCIO PRADO.,B,60,INSTRUMENTO DE MEDICIÓN,22,EQUIPO INSTRUMENTOS DE MEDICIÓN ,8238,TALLÍMETRO (MAYOR A 1/4 UIT),21,TALLIMETRO (MAYOR A 1/4 UIT) DE MADERA MOVIL PARA ADULTOS,112,UNIDAD,656,NACIONAL,3.0,540.84,1622.52
2020,HUANUCO,R,GOBIERNO REGIONAL,99,GOBIERNOS REGIONALES,448,GOBIERNO REGIONAL DEL DEPARTAMENTO DE HUANUCO,1454,405,GOB. REG. HUANUCO - SALUD HUAMALIES,1,2,DONACIONES Y TRANFERENCIAS,4,NEA - DONACION,3,0,0,REGION HUANUCO-SALUD LEONCIO PRADO,DONACION CON RESOLUCION ADMINISTRATIVA N°002-2020-GRHCO-RSLP-DE-DA,11-AUG-20,8,AGOSTO,C,3,N°002-2020,CON CONFORMIDAD,11-AUG-20,RESOLUCION N°002-2020,11-AUG-20,DONACION DE EQUIPOS DE LA RED DE SALUD LEONCIO PRADO.,B,53,HOSPITALIZACIÓN,22,EQUIPO DE HOSPITALIZACIÓN ,8998,PANTOSCOPIO,5,PANTOSCOPIO PARA ADULTO,112,UNIDAD,328,SIN MARCA,3.0,3048.34,9145.02
2020,HUANUCO,R,GOBIERNO REGIONAL,99,GOBIERNOS REGIONALES,448,GOBIERNO REGIONAL DEL DEPARTAMENTO DE HUANUCO,1454,405,GOB. REG. HUANUCO - SALUD HUAMALIES,1,2,DONACIONES Y TRANFERENCIAS,4,NEA - DONACION,3,0,0,REGION HUANUCO-SALUD LEONCIO PRADO,DONACION CON RESOLUCION ADMINISTRATIVA N°002-2020-GRHCO-RSLP-DE-DA,11-AUG-20,8,AGOSTO,C,3,N°002-2020,CON CONFORMIDAD,11-AUG-20,RESOLUCION N°002-2020,11-AUG-20,DONACION DE EQUIPOS DE LA RED DE SALUD LEONCIO PRADO.,B,53,HOSPITALIZACIÓN,22,EQUIPO DE HOSPITALIZACIÓN ,8998,PANTOSCOPIO,2,PANTOSCOPIO PEDIATRICO,112,UNIDAD,328,SIN MARCA,3.0,3048.34,9145.02
2020,HUANUCO,R,GOBIERNO REGIONAL,99,GOBIERNOS REGIONALES,448,GOBIERNO REGIONAL DEL DEPARTAMENTO DE HUANUCO,1454,405,GOB. REG. HUANUCO - SALUD HUAMALIES,1,2,DONACIONES Y TRANFERENCIAS,4,NEA - DONACION,3,0,0,REGION HUANUCO-SALUD LEONCIO PRADO,DONACION CON RESOLUCION ADMINISTRATIVA N°002-2020-GRHCO-RSLP-DE-DA,11-AUG-20,8,AGOSTO,C,3,N°002-2020,CON CONFORMIDAD,11-AUG-20,RESOLUCION N°002-2020,11-AUG-20,DONACION DE EQUIPOS DE LA RED DE SALUD LEONCIO PRADO.,B,60,INSTRUMENTO DE MEDICIÓN,22,EQUIPO INSTRUMENTOS DE MEDICIÓN ,738,BALANZA DIGITAL,3,BALANZA DIGITAL CAPACIDAD 100 kg,112,UNIDAD,320,SECA,3.0,1425.84,4277.52
2020,HUANUCO,R,GOBIERNO REGIONAL,99,GOBIERNOS REGIONALES,448,GOBIERNO REGIONAL DEL DEPARTAMENTO DE HUANUCO,1454,405,GOB. REG. HUANUCO - SALUD HUAMALIES,1,2,DONACIONES Y TRANFERENCIAS,4,NEA - DONACION,3,0,0,REGION HUANUCO-SALUD LEONCIO PRADO,DONACION CON RESOLUCION ADMINISTRATIVA N°002-2020-GRHCO-RSLP-DE-DA,11-AUG-20,8,AGOSTO,C,3,N°002-2020,CON CONFORMIDAD,11-AUG-20,RESOLUCION N°002-2020,11-AUG-20,DONACION DE EQUIPOS DE LA RED DE SALUD LEONCIO PRADO.,B,53,HOSPITALIZACIÓN,22,EQUIPO DE HOSPITALIZACIÓN ,6393,FETOSCOPIO,1,FETOSCOPIO,112,UNIDAD,671,RIESTER,3.0,145.0,435.0
2020,HUANUCO,R,GOBIERNO REGIONAL,99,GOBIERNOS REGIONALES,448,GOBIERNO REGIONAL DEL DEPARTAMENTO DE HUANUCO,1454,405,GOB. REG. HUANUCO - SALUD HUAMALIES,1,2,DONACIONES Y TRANFERENCIAS,4,NEA - DONACION,3,0,0,REGION HUANUCO-SALUD LEONCIO PRADO,DONACION CON RESOLUCION ADMINISTRATIVA N°002-2020-GRHCO-RSLP-DE-DA,11-AUG-20,8,AGOSTO,C,3,N°002-2020,CON CONFORMIDAD,11-AUG-20,RESOLUCION N°002-2020,11-AUG-20,DONACION DE EQUIPOS DE LA RED DE SALUD LEONCIO PRADO.,B,60,INSTRUMENTO DE MEDICIÓN,22,EQUIPO INSTRUMENTOS DE MEDICIÓN ,4604,GLUCÓMETRO,2,GLUCOMETRO PORTATIL,112,UNIDAD,1255,ACCU-CHEK,3.0,603.0,1809.0
2020,HUANUCO,R,GOBIERNO REGIONAL,99,GOBIERNOS REGIONALES,448,GOBIERNO REGIONAL DEL DEPARTAMENTO DE HUANUCO,1454,405,GOB. REG. HUANUCO - SALUD HUAMALIES,1,2,DONACIONES Y TRANFERENCIAS,4,NEA - DONACION,3,0,0,REGION HUANUCO-SALUD LEONCIO PRADO,DONACION CON RESOLUCION ADMINISTRATIVA N°002-2020-GRHCO-RSLP-DE-DA,11-AUG-20,8,AGOSTO,C,3,N°002-2020,CON CONFORMIDAD,11-AUG-20,RESOLUCION N°002-2020,11-AUG-20,DONACION DE EQUIPOS DE LA RED DE SALUD LEONCIO PRADO.,B,53,HOSPITALIZACIÓN,64,MOBILIARIO DE HOSPITALIZACIÓN,9831,TERMO PARA TRANSPORTE DE BIOLÓGICOS Y VACUNAS,2,TERMO PORTA VACUNAS 1.7 L,112,UNIDAD,20008,KST - THE THERMOS COMPANY,3.0,420.0,1260.0
2020,HUANUCO,R,GOBIERNO REGIONAL,99,GOBIERNOS REGIONALES,448,GOBIERNO REGIONAL DEL DEPARTAMENTO DE HUANUCO,1454,405,GOB. REG. HUANUCO - SALUD HUAMALIES,1,2,DONACIONES Y TRANFERENCIAS,4,NEA - DONACION,3,0,0,REGION HUANUCO-SALUD LEONCIO PRADO,DONACION CON RESOLUCION ADMINISTRATIVA N°002-2020-GRHCO-RSLP-DE-DA,11-AUG-20,8,AGOSTO,C,3,N°002-2020,CON CONFORMIDAD,11-AUG-20,RESOLUCION N°002-2020,11-AUG-20,DONACION DE EQUIPOS DE LA RED DE SALUD LEONCIO PRADO.,B,49,"ACCES., REPUEST. DE EQ. MÉDICOS Y QUIRÚRG. Y SUMINIST. MÉDIC.(INC. MATER. MED. INSTR. Y ROPA DESC.)",57,MATERIAL MÉDICO,22,CINTA OBSTÉTRICA,1,CINTA OBSTETRICA,112,UNIDAD,656,NACIONAL,3.0,30.0,90.0
2020,HUANUCO,R,GOBIERNO REGIONAL,99,GOBIERNOS REGIONALES,448,GOBIERNO REGIONAL DEL DEPARTAMENTO DE HUANUCO,1454,405,GOB. REG. HUANUCO - SALUD HUAMALIES,1,2,DONACIONES Y TRANFERENCIAS,4,NEA - DONACION,3,0,0,REGION HUANUCO-SALUD LEONCIO PRADO,DONACION CON RESOLUCION ADMINISTRATIVA N°002-2020-GRHCO-RSLP-DE-DA,11-AUG-20,8,AGOSTO,C,3,N°002-2020,CON CONFORMIDAD,11-AUG-20,RESOLUCION N°002-2020,11-AUG-20,DONACION DE EQUIPOS DE LA RED DE SALUD LEONCIO PRADO.,B,49,"ACCES., REPUEST. DE EQ. MÉDICOS Y QUIRÚRG. Y SUMINIST. MÉDIC.(INC. MATER. MED. INSTR. Y ROPA DESC.)",51,INSTRUMENTAL MÉDICO QUIRURGICO,6,ESTETOSCOPIO ,12,ESTETOSCOPIO CLINICO ADULTO,112,UNIDAD,671,RIESTER,3.0,249.0,747.0
2020,HUANUCO,R,GOBIERNO REGIONAL,99,GOBIERNOS REGIONALES,448,GOBIERNO REGIONAL DEL DEPARTAMENTO DE HUANUCO,1454,405,GOB. REG. HUANUCO - SALUD HUAMALIES,1,2,DONACIONES Y TRANFERENCIAS,4,NEA - DONACION,3,0,0,REGION HUANUCO-SALUD LEONCIO PRADO,DONACION CON RESOLUCION ADMINISTRATIVA N°002-2020-GRHCO-RSLP-DE-DA,11-AUG-20,8,AGOSTO,C,3,N°002-2020,CON CONFORMIDAD,11-AUG-20,RESOLUCION N°002-2020,11-AUG-20,DONACION DE EQUIPOS DE LA RED DE SALUD LEONCIO PRADO.,B,49,"ACCES., REPUEST. DE EQ. MÉDICOS Y QUIRÚRG. Y SUMINIST. MÉDIC.(INC. MATER. MED. INSTR. Y ROPA DESC.)",51,INSTRUMENTAL MÉDICO QUIRURGICO,13,SET DE INSTRUMENTAL Y OTROS INSTRUMENTALES,115,LINTERNA PARA EXAMEN MEDICO TIPO LAPICERO,112,UNIDAD,671,RIESTER,3.0,80.0,240.0
2020,HUANUCO,R,GOBIERNO REGIONAL,99,GOBIERNOS REGIONALES,448,GOBIERNO REGIONAL DEL DEPARTAMENTO DE HUANUCO,1454,405,GOB. REG. HUANUCO - SALUD HUAMALIES,1,2,DONACIONES Y TRANFERENCIAS,4,NEA - DONACION,3,0,0,REGION HUANUCO-SALUD LEONCIO PRADO,DONACION CON RESOLUCION ADMINISTRATIVA N°002-2020-GRHCO-RSLP-DE-DA,11-AUG-20,8,AGOSTO,C,3,N°002-2020,CON CONFORMIDAD,11-AUG-20,RESOLUCION N°002-2020,11-AUG-20,DONACION DE EQUIPOS DE LA RED DE SALUD LEONCIO PRADO.,B,28,ELECTRICIDAD E ILUMINACIÓN: MATERIALES Y ACCESORIOS,34,ELECTRICIDAD  :  ACCESORIOS,9,OTROS ACCESORIOS DE ELECTRICIDAD,280,CARGADOR PARA PILAS TIPO AA,112,UNIDAD,328,SIN MARCA,3.0,95.0,285.0
2020,HUANUCO,R,GOBIERNO REGIONAL,99,GOBIERNOS REGIONALES,448,GOBIERNO REGIONAL DEL DEPARTAMENTO DE HUANUCO,1454,405,GOB. REG. HUANUCO - SALUD HUAMALIES,1,2,DONACIONES Y TRANFERENCIAS,4,NEA - DONACION,3,0,0,REGION HUANUCO-SALUD LEONCIO PRADO,DONACION CON RESOLUCION ADMINISTRATIVA N°002-2020-GRHCO-RSLP-DE-DA,11-AUG-20,8,AGOSTO,C,3,N°002-2020,CON CONFORMIDAD,11-AUG-20,RESOLUCION N°002-2020,11-AUG-20,DONACION DE EQUIPOS DE LA RED DE SALUD LEONCIO PRADO.,B,49,"ACCES., REPUEST. DE EQ. MÉDICOS Y QUIRÚRG. Y SUMINIST. MÉDIC.(INC. MATER. MED. INSTR. Y ROPA DESC.)",51,INSTRUMENTAL MÉDICO QUIRURGICO,6,ESTETOSCOPIO ,24,ESTETOSCOPIO CLINICO PEDIATRICO,112,UNIDAD,671,RIESTER,3.0,255.0,765.0
2020,HUANUCO,R,GOBIERNO REGIONAL,99,GOBIERNOS REGIONALES,448,GOBIERNO REGIONAL DEL DEPARTAMENTO DE HUANUCO,1454,405,GOB. REG. HUANUCO - SALUD HUAMALIES,1,2,DONACIONES Y TRANFERENCIAS,4,NEA - DONACION,3,0,0,REGION HUANUCO-SALUD LEONCIO PRADO,DONACION CON RESOLUCION ADMINISTRATIVA N°002-2020-GRHCO-RSLP-DE-DA,11-AUG-20,8,AGOSTO,C,3,N°002-2020,CON CONFORMIDAD,11-AUG-20,RESOLUCION N°002-2020,11-AUG-20,DONACION DE EQUIPOS DE LA RED DE SALUD LEONCIO PRADO.,B,49,"ACCES., REPUEST. DE EQ. MÉDICOS Y QUIRÚRG. Y SUMINIST. MÉDIC.(INC. MATER. MED. INSTR. Y ROPA DESC.)",70,ACCESORIOS PARA USO MÉDICOS,2,ACCESORIOS PARA USO MÉDICOS - OTROS,267,CINTA METRICA PARA MEDIDAS ANTROPOMETRICAS DE 2 cm X 1.50 m,112,UNIDAD,320,SECA,3.0,40.0,120.0
2020,HUANUCO,R,GOBIERNO REGIONAL,99,GOBIERNOS REGIONALES,448,GOBIERNO REGIONAL DEL DEPARTAMENTO DE HUANUCO,1695,408,GOB. REG. DPTO. HUANUCO - RED DE SALUD AMBO,1,1,ALMACEN CENTRAL,4,NEA - DONACION,1,0,0,"MINISTERIO DE VIVIENDA, CONSTRUCCION Y SANEAMIENTO- ADM. GENERAL",NEA N° 01-20 RED DE SALUD HCO ACTA DE DONACION DE INSUMOS QUIMICOS,31-DEC-20,12,DICIEMBRE,C,NRO 001,N°5500-2020,CON CONFORMIDAD,31-DEC-20,01-2020,31-DEC-20,NEA N° 01-20 RED DE SALUD HCO ACTA DE DONACION DE INSUMOS QUIMICOS,B,35,PRODUCTOS QUÍMICOS INCLUYE BIO-QUÍMICOS Y GASES INDUSTR. Y REACTIVOS DE ANÁLISIS CLÍNICOS Y DIAG,86,"REACTIVOS Y OTROS SIMILAR P/ANAL. DE ANATOMOPATOLOGÍA, INMUNOLOGÍA, CITOGENET., BIOLOG MOLEC Y OTROS",5,ESTÁNDARES Y MARCADORES PARA USO EN LABORATORIO,869,SOLUCIÓN TAMPÓN (BUFFER) pH 7.00 +/- 0.01 (25 ºC) X 500 mL,112,UNIDAD,149,HANNA,1.0,110.0,110.0
2020,HUANUCO,R,GOBIERNO REGIONAL,99,GOBIERNOS REGIONALES,448,GOBIERNO REGIONAL DEL DEPARTAMENTO DE HUANUCO,1695,408,GOB. REG. DPTO. HUANUCO - RED DE SALUD AMBO,1,1,ALMACEN CENTRAL,4,NEA - DONACION,1,0,0,"MINISTERIO DE VIVIENDA, CONSTRUCCION Y SANEAMIENTO- ADM. GENERAL",NEA N° 01-20 RED DE SALUD HCO ACTA DE DONACION DE INSUMOS QUIMICOS,31-DEC-20,12,DICIEMBRE,C,NRO 001,N°5500-2020,CON CONFORMIDAD,31-DEC-20,01-2020,31-DEC-20,NEA N° 01-20 RED DE SALUD HCO ACTA DE DONACION DE INSUMOS QUIMICOS,B,35,PRODUCTOS QUÍMICOS INCLUYE BIO-QUÍMICOS Y GASES INDUSTR. Y REACTIVOS DE ANÁLISIS CLÍNICOS Y DIAG,86,"REACTIVOS Y OTROS SIMILAR P/ANAL. DE ANATOMOPATOLOGÍA, INMUNOLOGÍA, CITOGENET., BIOLOG MOLEC Y OTROS",5,ESTÁNDARES Y MARCADORES PARA USO EN LABORATORIO,868,SOLUCIÓN TAMPÓN (BUFFER) pH 4.00 +/- 0.01 (25 ºC) X 500 mL,112,UNIDAD,149,HANNA,1.0,110.0,110.0
2020,HUANUCO,R,GOBIERNO REGIONAL,99,GOBIERNOS REGIONALES,448,GOBIERNO REGIONAL DEL DEPARTAMENTO DE HUANUCO,1695,408,GOB. REG. DPTO. HUANUCO - RED DE SALUD AMBO,1,1,ALMACEN CENTRAL,4,NEA - DONACION,1,0,0,"MINISTERIO DE VIVIENDA, CONSTRUCCION Y SANEAMIENTO- ADM. GENERAL",NEA N° 01-20 RED DE SALUD HCO ACTA DE DONACION DE INSUMOS QUIMICOS,31-DEC-20,12,DICIEMBRE,C,NRO 001,N°5500-2020,CON CONFORMIDAD,31-DEC-20,01-2020,31-DEC-20,NEA N° 01-20 RED DE SALUD HCO ACTA DE DONACION DE INSUMOS QUIMICOS,B,35,PRODUCTOS QUÍMICOS INCLUYE BIO-QUÍMICOS Y GASES INDUSTR. Y REACTIVOS DE ANÁLISIS CLÍNICOS Y DIAG,10,QUÍMICA:  REACTIVOS USO GENERAL EN LABORATORIO Y OTROS,3,QUÍMICA:  SOLUCIONES Y OTRAS SUSTANCIAS CALIBRADORAS USO LABORATORIO,54,SOLUCION DE CALIBRACION PARA MEDIDOR DE CONDUCTIVIDAD 1413 Us/cm X 450 mL,112,UNIDAD,149,HANNA,1.0,110.0,110.0
2020,HUANUCO,R,GOBIERNO REGIONAL,99,GOBIERNOS REGIONALES,448,GOBIERNO REGIONAL DEL DEPARTAMENTO DE HUANUCO,1695,408,GOB. REG. DPTO. HUANUCO - RED DE SALUD AMBO,1,1,ALMACEN CENTRAL,4,NEA - DONACION,1,0,0,"MINISTERIO DE VIVIENDA, CONSTRUCCION Y SANEAMIENTO- ADM. GENERAL",NEA N° 01-20 RED DE SALUD HCO ACTA DE DONACION DE INSUMOS QUIMICOS,31-DEC-20,12,DICIEMBRE,C,NRO 001,N°5500-2020,CON CONFORMIDAD,31-DEC-20,01-2020,31-DEC-20,NEA N° 01-20 RED DE SALUD HCO ACTA DE DONACION DE INSUMOS QUIMICOS,B,35,PRODUCTOS QUÍMICOS INCLUYE BIO-QUÍMICOS Y GASES INDUSTR. Y REACTIVOS DE ANÁLISIS CLÍNICOS Y DIAG,86,"REACTIVOS Y OTROS SIMILAR P/ANAL. DE ANATOMOPATOLOGÍA, INMUNOLOGÍA, CITOGENET., BIOLOG MOLEC Y OTROS",5,ESTÁNDARES Y MARCADORES PARA USO EN LABORATORIO,870,SOLUCIÓN TAMPÓN (BUFFER) pH 10.00 +/- 0.01 (25 ºC) X 500 mL,112,UNIDAD,149,HANNA,1.0,110.0,110.0
2020,HUANUCO,R,GOBIERNO REGIONAL,99,GOBIERNOS REGIONALES,448,GOBIERNO REGIONAL DEL DEPARTAMENTO DE HUANUCO,811,401,REGION HUANUCO-SALUD TINGO MARIA,1,1,ALMACEN DE SUMINISTROS,4,NEA - DONACION,1,0,0,INSTITUTO DE EDUCACIÓN SUPERIOR PRIVDO FIBONACCI,DONACIÓN DE BIEN DE CAPITAL OFICIO N° 025-2020-IESP FIBONACCI,10-SEP-20,9,SEPTIEMBRE,C,097,025-OFICIO,CON CONFORMIDAD,03-DEC-20,097,10-SEP-20,DONACIÓN DE BIEN DE CAPITAL -LAPTOP,B,74,OFICINA,8,CÓMPUTO,500,COMPUTADORA PERSONAL PORTATIL,1,COMPUTADORA PERSONAL PORTATIL,112,UNIDAD,328,SIN MARCA,1.0,3950.0,3950.0
2020,HUANUCO,R,GOBIERNO REGIONAL,99,GOBIERNOS REGIONALES,448,GOBIERNO REGIONAL DEL DEPARTAMENTO DE HUANUCO,811,401,REGION HUANUCO-SALUD TINGO MARIA,1,1,ALMACEN DE SUMINISTROS,4,NEA - DONACION,4,0,0,MEDICOS SINFRONTERAS,DONACIÓN BIEN DE CAPITAL -CONVENIO DE DONACIÓN MEDICOS SIN FRONTERAS-ESPAÑA,21-SEP-20,9,SEPTIEMBRE,C,098,S/N.,CON CONFORMIDAD,11-DEC-20,098,21-SEP-20,DONACIONES BIENES,B,53,HOSPITALIZACIÓN,64,MOBILIARIO DE HOSPITALIZACIÓN,9787,SOPORTE METÁLICO PARA EQUIPO DE RESPIRACIÓN,1,SOPORTE METALICO PARA EQUIPO DE RESPIRACION,112,UNIDAD,328,SIN MARCA,4.0,500.0,2000.0
2020,HUANUCO,R,GOBIERNO REGIONAL,99,GOBIERNOS REGIONALES,448,GOBIERNO REGIONAL DEL DEPARTAMENTO DE HUANUCO,811,401,REGION HUANUCO-SALUD TINGO MARIA,1,1,ALMACEN DE SUMINISTROS,4,NEA - DONACION,4,0,0,MEDICOS SINFRONTERAS,DONACIÓN BIEN DE CAPITAL -CONVENIO DE DONACIÓN MEDICOS SIN FRONTERAS-ESPAÑA,21-SEP-20,9,SEPTIEMBRE,C,098,S/N.,CON CONFORMIDAD,11-DEC-20,098,21-SEP-20,DONACIONES BIENES,B,49,"ACCES., REPUEST. DE EQ. MÉDICOS Y QUIRÚRG. Y SUMINIST. MÉDIC.(INC. MATER. MED. INSTR. Y ROPA DESC.)",37,"SUMINISTROS, REPUESTOS Y ACCESORIOS PARA EQUIPOS Y MOBILIARIOS MÉDICOS",21,"SENSORES Y CONECTORES PARA EQUIPOS, INSTRUMENTAL Y OTROS  MÉDICO QUIRÚRGICO",8,CONECTOR PARA LLAVE PRESION AIRE Y OXIGENO,112,UNIDAD,328,SIN MARCA,4.0,100.0,400.0
2020,HUANUCO,R,GOBIERNO REGIONAL,99,GOBIERNOS REGIONALES,448,GOBIERNO REGIONAL DEL DEPARTAMENTO DE HUANUCO,811,401,REGION HUANUCO-SALUD TINGO MARIA,1,1,ALMACEN DE SUMINISTROS,4,NEA - DONACION,4,0,0,MEDICOS SINFRONTERAS,DONACIÓN BIEN DE CAPITAL -CONVENIO DE DONACIÓN MEDICOS SIN FRONTERAS-ESPAÑA,21-SEP-20,9,SEPTIEMBRE,C,098,S/N.,CON CONFORMIDAD,11-DEC-20,098,21-SEP-20,DONACIONES BIENES,B,53,HOSPITALIZACIÓN,22,EQUIPO DE HOSPITALIZACIÓN ,4619,EQUIPO DE OXIGENOTERAPIA,1,EQUIPO DE OXIGENOTERAPIA,112,UNIDAD,328,SIN MARCA,4.0,12000.0,48000.0
2020,HUANUCO,R,GOBIERNO REGIONAL,99,GOBIERNOS REGIONALES,448,GOBIERNO REGIONAL DEL DEPARTAMENTO DE HUANUCO,811,401,REGION HUANUCO-SALUD TINGO MARIA,1,1,ALMACEN DE SUMINISTROS,4,NEA - DONACION,5,0,0,MEDICOS SIN FRONTERAS-ESPAÑA,DONACIONES DE BIENES POR MEDICOS SIN FRONTERAS PARA USO COVID-19,30-SEP-20,9,SEPTIEMBRE,C,0100,S/N.,CON CONFORMIDAD,21-DEC-20,0100,30-SEP-20,DONACIONES POR CONVENIO MEDICOS SIN FRONTERAS ESPAÑA,B,53,HOSPITALIZACIÓN,22,EQUIPO DE HOSPITALIZACIÓN ,9152,RESPIRADOR,1,RESPIRADOR,112,UNIDAD,328,SIN MARCA,4.0,8000.0,32000.0
2020,HUANUCO,R,GOBIERNO REGIONAL,99,GOBIERNOS REGIONALES,448,GOBIERNO REGIONAL DEL DEPARTAMENTO DE HUANUCO,811,401,REGION HUANUCO-SALUD TINGO MARIA,1,1,ALMACEN DE SUMINISTROS,4,NEA - DONACION,5,0,0,MEDICOS SIN FRONTERAS-ESPAÑA,DONACIONES DE BIENES POR MEDICOS SIN FRONTERAS PARA USO COVID-19,30-SEP-20,9,SEPTIEMBRE,C,0100,S/N.,CON CONFORMIDAD,21-DEC-20,0100,30-SEP-20,DONACIONES POR CONVENIO MEDICOS SIN FRONTERAS ESPAÑA,B,53,HOSPITALIZACIÓN,64,MOBILIARIO DE HOSPITALIZACIÓN,9787,SOPORTE METÁLICO PARA EQUIPO DE RESPIRACIÓN,1,SOPORTE METALICO PARA EQUIPO DE RESPIRACION,112,UNIDAD,328,SIN MARCA,4.0,500.0,2000.0
2020,HUANUCO,R,GOBIERNO REGIONAL,99,GOBIERNOS REGIONALES,448,GOBIERNO REGIONAL DEL DEPARTAMENTO DE HUANUCO,811,401,REGION HUANUCO-SALUD TINGO MARIA,1,1,ALMACEN DE SUMINISTROS,4,NEA - DONACION,6,0,0,UNIVERSIDAD NACIONAL DE UCAYALI (FACULTAD DE MEDICINA HUMANA),DONACIÓN BIEN DE CAPITAL -UNIVERSIDAD NACIONAL DE UCAYALI,31-OCT-20,10,OCTUBRE,C,169,S/N.,CON CONFORMIDAD,29-DEC-20,169,31-OCT-20,DONACIÓN CONVENIO INTERINSTITUCIONALUNIVERSIDAD NACIONAL UCAYALI,B,74,OFICINA,8,CÓMPUTO,500,COMPUTADORA PERSONAL PORTATIL,1,COMPUTADORA PERSONAL PORTATIL,112,UNIDAD,6,ACER,1.0,3950.0,3950.0
2020,HUANUCO,R,GOBIERNO REGIONAL,99,GOBIERNOS REGIONALES,448,GOBIERNO REGIONAL DEL DEPARTAMENTO DE HUANUCO,811,401,REGION HUANUCO-SALUD TINGO MARIA,1,1,ALMACEN DE SUMINISTROS,4,NEA - DONACION,7,0,0,RESPIRA PERÚ/CONFERENCIA EPISCOPAL PERUANA (CEP),DONACIÓN CONVENIO RESPIRA PERU/CONFERENCIA EPISCOPAL PERUANA (CEP),31-OCT-20,10,OCTUBRE,C,171,067-BOX-2020,CON CONFORMIDAD,29-DEC-20,171,31-OCT-20,DONACIÓN CONVENIO RESPIRA PERU CON CONFERENCIA EPISCOPAL PERUANA (CEP),B,28,ELECTRICIDAD E ILUMINACIÓN: MATERIALES Y ACCESORIOS,34,ELECTRICIDAD  :  ACCESORIOS,1,CAJAS PARA INSTALACIONES ELÉCTRICAS (INCL. ACCESORIOS ),153,CAJA PLASTICA,112,UNIDAD,328,SIN MARCA,5.0,50.0,250.0
2020,HUANUCO,R,GOBIERNO REGIONAL,99,GOBIERNOS REGIONALES,448,GOBIERNO REGIONAL DEL DEPARTAMENTO DE HUANUCO,811,401,REGION HUANUCO-SALUD TINGO MARIA,1,1,ALMACEN DE SUMINISTROS,4,NEA - DONACION,8,0,0,REGION HUANUCO-SALUD,DONACIÓN DE BIENE MUEBLE SEGUN R.D. N° 1316-2020-GRH/DIRESA Y ANEXO ADJUNTO,31-OCT-20,10,OCTUBRE,C,172,1316,CON CONFORMIDAD,29-DEC-20,172,31-OCT-20,DONACIÓN POR EXEDENCIA /DIRESA HCO.,B,95,TELECOMUNICACIONES,22,EQUIPO DE TELECOMUNICACIONES ,3337,EQUIPO DE RADIO MÓVIL,1,EQUIPO DE RADIO MOVIL,112,UNIDAD,227,MOTOROLA,6.0,141.0,846.0
2020,HUANUCO,R,GOBIERNO REGIONAL,99,GOBIERNOS REGIONALES,448,GOBIERNO REGIONAL DEL DEPARTAMENTO DE HUANUCO,811,401,REGION HUANUCO-SALUD TINGO MARIA,1,1,ALMACEN DE SUMINISTROS,4,NEA - DONACION,9,0,0,MÉDICOS SOLIDARIOS ( DR. GERMAN JAVIER MÁLAGA RODRIGUEZ,"DONACIÓN BIENES MUEBLES, SEGU ACTA DE DONACIÓN MÉDICOS SOLIDARIOS",31-OCT-20,10,OCTUBRE,C,175,S/N.,CON CONFORMIDAD,31-DEC-20,175,31-OCT-20,DONACION BIENES MUEBLES SEGU ACTA DE DONACIÓN S/N.,B,53,HOSPITALIZACIÓN,22,EQUIPO DE HOSPITALIZACIÓN ,8839,OXÍMETRO DE PULSOS,1,OXIMETRO DE PULSOS,112,UNIDAD,328,SIN MARCA,5.0,150.0,750.0
2020,HUANUCO,R,GOBIERNO REGIONAL,99,GOBIERNOS REGIONALES,448,GOBIERNO REGIONAL DEL DEPARTAMENTO DE HUANUCO,811,401,REGION HUANUCO-SALUD TINGO MARIA,1,1,ALMACEN DE SUMINISTROS,4,NEA - DONACION,9,0,0,MÉDICOS SOLIDARIOS ( DR. GERMAN JAVIER MÁLAGA RODRIGUEZ,"DONACIÓN BIENES MUEBLES, SEGU ACTA DE DONACIÓN MÉDICOS SOLIDARIOS",31-OCT-20,10,OCTUBRE,C,175,S/N.,CON CONFORMIDAD,31-DEC-20,175,31-OCT-20,DONACION BIENES MUEBLES SEGU ACTA DE DONACIÓN S/N.,B,60,INSTRUMENTO DE MEDICIÓN,22,EQUIPO INSTRUMENTOS DE MEDICIÓN ,9281,TERMÓMETRO INFRARROJO,1,TERMOMETRO INFRARROJO,112,UNIDAD,328,SIN MARCA,5.0,150.0,750.0
2020,HUANUCO,R,GOBIERNO REGIONAL,99,GOBIERNOS REGIONALES,448,GOBIERNO REGIONAL DEL DEPARTAMENTO DE HUANUCO,810,400,REGION HUANUCO-SALUD,2,1,ALMACEN DE MEDICAMENTOS ESPECIALIZADOS,4,NEA - DONACION,361,0,0,UNIVERSIDAD NACIONAL HERMILIO VALDIZAN,DONACION UNIVERSIDAD NACIONAL HERMILIO VALDIZAN,31-AUG-20,8,AGOSTO,C,NEA 361,ACTA N° 001,CON CONFORMIDAD,04-SEP-20,ACTA N°001,31-AUG-20,BIENES DONADOS PARA DIRESA-HUANUCO,B,58,PRODUCTOS FARMACÉUTICOS,6,MEDICAMENTOS ANTIINFECCIOSOS: ANTIHELMÍNTICOS ,9,IVERMECTINA.,2,IVERMECTINA 6 mg/mL SOL 5 mL,112,UNIDAD,328,SIN MARCA,1000.0,0.01,10.0
2020,HUANUCO,R,GOBIERNO REGIONAL,99,GOBIERNOS REGIONALES,448,GOBIERNO REGIONAL DEL DEPARTAMENTO DE HUANUCO,810,400,REGION HUANUCO-SALUD,2,1,ALMACEN DE MEDICAMENTOS ESPECIALIZADOS,4,NEA - DONACION,372,0,0,PARROQUIA SAN PEDRO,DONACION DE LA PARROQUIA SAN PEDRO PARA DIRESA HUANUCO.,10-SEP-20,9,SEPTIEMBRE,C,NEA 372,ACTA DE DONACIO,CON CONFORMIDAD,10-SEP-20,ACTA DE DONACION,10-SEP-20,DONACION DE LA PARROQUIA SAN PEDRO PARA DIRESA HUANCO.,B,58,PRODUCTOS FARMACÉUTICOS,10,MEDICAMENTOS ANTIINFECCIOSOS ANTIBIÓTICOS:  MACROLIDOS Y LINCOSAMIDAS,8,AZITROMICINA,7,AZITROMICINA 500 mg TAB,112,UNIDAD,328,SIN MARCA,1210.0,1.35,1633.5
2020,HUANUCO,R,GOBIERNO REGIONAL,99,GOBIERNOS REGIONALES,448,GOBIERNO REGIONAL DEL DEPARTAMENTO DE HUANUCO,810,400,REGION HUANUCO-SALUD,2,1,ALMACEN DE MEDICAMENTOS ESPECIALIZADOS,4,NEA - DONACION,373,0,0,CAMARA DE COMERCIO E INDUSTRIAS DE HCO,CAMARA DE COMERCIO EN INDUSTRIAS DE HUANUCO - DONACION,25-SEP-20,9,SEPTIEMBRE,C,NEA 408,ACTA N°002,CON CONFORMIDAD,25-SEP-20,ACTA N°002,25-SEP-20,DONACION DE LA CAMARA DE COMERCIO E INDSTRIAS DE HUANUCO A DIRESA HUANUCO.,B,58,PRODUCTOS FARMACÉUTICOS,6,MEDICAMENTOS ANTIINFECCIOSOS: ANTIHELMÍNTICOS ,9,IVERMECTINA.,2,IVERMECTINA 6 mg/mL SOL 5 mL,112,UNIDAD,328,SIN MARCA,3000.0,0.01,30.0
2020,HUANUCO,R,GOBIERNO REGIONAL,99,GOBIERNOS REGIONALES,448,GOBIERNO REGIONAL DEL DEPARTAMENTO DE HUANUCO,810,400,REGION HUANUCO-SALUD,2,1,ALMACEN DE MEDICAMENTOS ESPECIALIZADOS,4,NEA - DONACION,374,0,0,CAMARA DE COMERCIO E INDUSTRIAS DE HCO,CAMARA DE COMERCIO E INDUSTRIAS DE HUANUCO - DONACION,25-SEP-20,9,SEPTIEMBRE,C,NEA 409,ACTA N°003,CON CONFORMIDAD,25-SEP-20,ACTA N°003,25-SEP-20,DONACION DE LA CAMARA DE COMERCIO E INDUSTRIAS DE HUANUCO A DIRESA HUANUCO,B,58,PRODUCTOS FARMACÉUTICOS,6,MEDICAMENTOS ANTIINFECCIOSOS: ANTIHELMÍNTICOS ,9,IVERMECTINA.,2,IVERMECTINA 6 mg/mL SOL 5 mL,112,UNIDAD,328,SIN MARCA,1000.0,0.01,10.0
2020,HUANUCO,R,GOBIERNO REGIONAL,99,GOBIERNOS REGIONALES,448,GOBIERNO REGIONAL DEL DEPARTAMENTO DE HUANUCO,810,400,REGION HUANUCO-SALUD,2,1,ALMACEN DE MEDICAMENTOS ESPECIALIZADOS,4,NEA - DONACION,375,0,0,CAMARA DE COMERCIO E INDUSTRIAS DE HCO,CAMARA DE COMERCIO E INDUSTRIAS DE HUANUCO - DONACION,25-SEP-20,9,SEPTIEMBRE,C,NEA 410,ACTA N°004,CON CONFORMIDAD,25-SEP-20,ACTA N°004,25-SEP-20,DONACION DE LA CAMARA DE COMERCIO E INDSTRIAS DE HUANUCO A DIRESA HUANUCO,B,58,PRODUCTOS FARMACÉUTICOS,6,MEDICAMENTOS ANTIINFECCIOSOS: ANTIHELMÍNTICOS ,9,IVERMECTINA.,2,IVERMECTINA 6 mg/mL SOL 5 mL,112,UNIDAD,328,SIN MARCA,1000.0,0.01,10.0
2020,HUANUCO,R,GOBIERNO REGIONAL,99,GOBIERNOS REGIONALES,448,GOBIERNO REGIONAL DEL DEPARTAMENTO DE HUANUCO,810,400,REGION HUANUCO-SALUD,2,1,ALMACEN DE MEDICAMENTOS ESPECIALIZADOS,4,NEA - DONACION,376,0,0,MUNICIPALIDAD PROVINCIAL DE HUANUCO,MUNICIPALIDAD DE HUANUCO - DONACION,30-SEP-20,9,SEPTIEMBRE,C,NEA 454,ACTA N°001,CON CONFORMIDAD,30-SEP-20,ACTA N°001,30-SEP-20,DONACION DE LA MUNICIPALIDAD PROVINCIAL DE HUANUCO A DIRESA HUANUCO.,B,58,PRODUCTOS FARMACÉUTICOS,6,MEDICAMENTOS ANTIINFECCIOSOS: ANTIHELMÍNTICOS ,9,IVERMECTINA.,4,IVERMECTINA 6 mg/mL SOL 10 mL,112,UNIDAD,328,SIN MARCA,5000.0,0.01,50.0
2020,HUANUCO,R,GOBIERNO REGIONAL,99,GOBIERNOS REGIONALES,448,GOBIERNO REGIONAL DEL DEPARTAMENTO DE HUANUCO,810,400,REGION HUANUCO-SALUD,2,1,ALMACEN DE MEDICAMENTOS ESPECIALIZADOS,4,NEA - DONACION,377,0,0,CAMARA DE COMERCIO E INDUSTRIAS DE HCO,CAMARA DE COMERCIO E INDUSTRIAS DE HUANUCO - DONACION,30-SEP-20,9,SEPTIEMBRE,C,NEA 455,ACTA N°006,CON CONFORMIDAD,30-SEP-20,ACTA N°006,30-SEP-20,DONACION DE LA CAMARA DE COMERCIO E INDUSTRIAS DE HUANUCO A DIRESA HUANUCO,B,58,PRODUCTOS FARMACÉUTICOS,6,MEDICAMENTOS ANTIINFECCIOSOS: ANTIHELMÍNTICOS ,9,IVERMECTINA.,4,IVERMECTINA 6 mg/mL SOL 10 mL,112,UNIDAD,328,SIN MARCA,5000.0,0.01,50.0
2020,HUANUCO,R,GOBIERNO REGIONAL,99,GOBIERNOS REGIONALES,448,GOBIERNO REGIONAL DEL DEPARTAMENTO DE HUANUCO,810,400,REGION HUANUCO-SALUD,2,1,ALMACEN DE MEDICAMENTOS ESPECIALIZADOS,4,NEA - DONACION,378,0,0,CAMARA DE COMERCIO E INDUSTRIAS DE HCO,CAMARA DE COMERCIO E INDUSTRIAS DE HUANUCO - DONACION,30-SEP-20,9,SEPTIEMBRE,C,NEA 456,ACTA N°007,CON CONFORMIDAD,30-SEP-20,ACTA N°007,30-SEP-20,DONACION DE LA CAMARA DE COMERCIO E INDUSTRIAS DE HUANUCO A DIRESA HUANUCO.,B,58,PRODUCTOS FARMACÉUTICOS,6,MEDICAMENTOS ANTIINFECCIOSOS: ANTIHELMÍNTICOS ,9,IVERMECTINA.,4,IVERMECTINA 6 mg/mL SOL 10 mL,112,UNIDAD,328,SIN MARCA,5000.0,0.01,50.0
2020,HUANUCO,R,GOBIERNO REGIONAL,99,GOBIERNOS REGIONALES,448,GOBIERNO REGIONAL DEL DEPARTAMENTO DE HUANUCO,810,400,REGION HUANUCO-SALUD,2,1,ALMACEN DE MEDICAMENTOS ESPECIALIZADOS,4,NEA - DONACION,379,0,0,UNIV. NAC. HERMILIO VALDIZAN HUANUCO,UNIVERSIDAD NACIONAL HERMILIO VALDIZAN HUANUCO - PREPARACION DE IVERMECTINA PARA LAS MUNICIPALIDADES,19-NOV-20,11,NOVIEMBRE,C,NEA 510,ACTA N°002,CON CONFORMIDAD,19-NOV-20,ACTA N°002,19-NOV-20,DONACION DE LA UNIVERSIDAD NACIONAL HERMILIO VALDIZAN A DIRESA HUANUCO - PARA PREPARACION DE IVERMECTINA PARA LAS MUNICIPALIDADES,B,58,PRODUCTOS FARMACÉUTICOS,6,MEDICAMENTOS ANTIINFECCIOSOS: ANTIHELMÍNTICOS ,9,IVERMECTINA.,4,IVERMECTINA 6 mg/mL SOL 10 mL,112,UNIDAD,328,SIN MARCA,15000.0,0.01,150.0
2020,HUANUCO,R,GOBIERNO REGIONAL,99,GOBIERNOS REGIONALES,448,GOBIERNO REGIONAL DEL DEPARTAMENTO DE HUANUCO,810,400,REGION HUANUCO-SALUD,2,1,ALMACEN DE MEDICAMENTOS ESPECIALIZADOS,4,NEA - DONACION,380,0,0,CAMARA DE COMERCIO E INDUSTRIAS DE HCO,COVID 19 - CAMARA DE COMERCIO E INDUSTRIAS DE HUANUCO - CONVENIO CAMARA DE COMERCIO,19-NOV-20,11,NOVIEMBRE,C,NEA 511,ACTA N°008,CON CONFORMIDAD,19-NOV-20,ACTA N°008,19-NOV-20,DONACION DE LA CAMARA DE COMERCIO E INDUSTRIAS DE HUANUCO A LOS ESTABLECIMIENTOS DE SALUD DE DIRESA HUANUCO.,B,58,PRODUCTOS FARMACÉUTICOS,6,MEDICAMENTOS ANTIINFECCIOSOS: ANTIHELMÍNTICOS ,9,IVERMECTINA.,4,IVERMECTINA 6 mg/mL SOL 10 mL,112,UNIDAD,328,SIN MARCA,5000.0,0.01,50.0
2020,HUANUCO,R,GOBIERNO REGIONAL,99,GOBIERNOS REGIONALES,448,GOBIERNO REGIONAL DEL DEPARTAMENTO DE HUANUCO,810,400,REGION HUANUCO-SALUD,2,1,ALMACEN DE MEDICAMENTOS ESPECIALIZADOS,4,NEA - DONACION,381,0,0,UNIV. NAC. HERMILIO VALDIZAN HUANUCO,UNIVERSIDAD NACIONAL HERMILIO VALDIZAN - HCO - PREPARACION DE IVERMECTINA PARA LAS MUNICIPALIDADES,25-NOV-20,11,NOVIEMBRE,C,NEA 518,ACTA N°003,CON CONFORMIDAD,25-NOV-20,ACTA N°003,25-NOV-20,DONACION DE LA UNIVERSIDAD HERMILIO VALDIZAN HCO PARA PREPARACION DE IVERMECTINA PARA LAS MUNICIPALIDADES -  ALMACEN DE MEDICAMENTOS DE DIRESA-HCO-JANCAO,B,58,PRODUCTOS FARMACÉUTICOS,6,MEDICAMENTOS ANTIINFECCIOSOS: ANTIHELMÍNTICOS ,9,IVERMECTINA.,4,IVERMECTINA 6 mg/mL SOL 10 mL,112,UNIDAD,328,SIN MARCA,9550.0,0.1,955.0
2020,HUANUCO,R,GOBIERNO REGIONAL,99,GOBIERNOS REGIONALES,448,GOBIERNO REGIONAL DEL DEPARTAMENTO DE HUANUCO,811,401,REGION HUANUCO-SALUD TINGO MARIA,1,2,ALMACEN DE MEDICINAS,4,NEA - DONACION,1,0,0,IMPORTACIONES LUCUMA S.A.C.,N/E N°093 DONACION DE IMPORTACIONES LUCUMA S.A.C./GUIA N°EG01-94,31-AUG-20,8,AGOSTO,C,093,EG01-94,CON CONFORMIDAD,17-NOV-20,GUIA N°EG01-94,31-AUG-20,N/E N°093-DONACION DE IMPORTACIONES LUCUMA S.A.C./GUIA N°EG-01-94,B,49,"ACCES., REPUEST. DE EQ. MÉDICOS Y QUIRÚRG. Y SUMINIST. MÉDIC.(INC. MATER. MED. INSTR. Y ROPA DESC.)",55,"VESTUARIO, COBERTORES, MATERIAL DESCARTABLE PARA INTERNAMIENTO Y HOSPITALIZACIÓN",1,ROPA QUIRÚRGICA PARA PERSONAL MÉDICO Y PACIENTE,1262,MAMELUCO DESCARTABLE TALLA M,112,UNIDAD,328,SIN MARCA,120.0,12.5,1500.0
2020,HUANUCO,R,GOBIERNO REGIONAL,99,GOBIERNOS REGIONALES,448,GOBIERNO REGIONAL DEL DEPARTAMENTO DE HUANUCO,811,401,REGION HUANUCO-SALUD TINGO MARIA,1,2,ALMACEN DE MEDICINAS,4,NEA - DONACION,1,0,0,IMPORTACIONES LUCUMA S.A.C.,N/E N°093 DONACION DE IMPORTACIONES LUCUMA S.A.C./GUIA N°EG01-94,31-AUG-20,8,AGOSTO,C,093,EG01-94,CON CONFORMIDAD,17-NOV-20,GUIA N°EG01-94,31-AUG-20,N/E N°093-DONACION DE IMPORTACIONES LUCUMA S.A.C./GUIA N°EG-01-94,B,49,"ACCES., REPUEST. DE EQ. MÉDICOS Y QUIRÚRG. Y SUMINIST. MÉDIC.(INC. MATER. MED. INSTR. Y ROPA DESC.)",57,MATERIAL MÉDICO,41,MASCARILLAS  DESCARTABLES,76,MASCARILLA DESCARTABLE QUIRURGICA 3 PLIEGUES,112,UNIDAD,328,SIN MARCA,150.0,2.24,336.0
2020,HUANUCO,R,GOBIERNO REGIONAL,99,GOBIERNOS REGIONALES,448,GOBIERNO REGIONAL DEL DEPARTAMENTO DE HUANUCO,811,401,REGION HUANUCO-SALUD TINGO MARIA,1,2,ALMACEN DE MEDICINAS,4,NEA - DONACION,2,0,0,MEDICOS SOLIDARIOS,N/E N°173/ DONACION DE MEDICOS SOLIDARIOS/INF.N°025-2020,31-OCT-20,10,OCTUBRE,C,173,INF.N°25-2020,CON CONFORMIDAD,31-DEC-20,INF.N°025-2020,04-SEP-20,N/E N°173/DONACION DE MEDICOS SOLIDARIOS/INF.N°025-2020,B,49,"ACCES., REPUEST. DE EQ. MÉDICOS Y QUIRÚRG. Y SUMINIST. MÉDIC.(INC. MATER. MED. INSTR. Y ROPA DESC.)",55,"VESTUARIO, COBERTORES, MATERIAL DESCARTABLE PARA INTERNAMIENTO Y HOSPITALIZACIÓN",1,ROPA QUIRÚRGICA PARA PERSONAL MÉDICO Y PACIENTE,36,GORRO DESCARTABLE,112,UNIDAD,328,SIN MARCA,1000.0,0.36,360.0
2020,HUANUCO,R,GOBIERNO REGIONAL,99,GOBIERNOS REGIONALES,448,GOBIERNO REGIONAL DEL DEPARTAMENTO DE HUANUCO,811,401,REGION HUANUCO-SALUD TINGO MARIA,1,2,ALMACEN DE MEDICINAS,4,NEA - DONACION,2,0,0,MEDICOS SOLIDARIOS,N/E N°173/ DONACION DE MEDICOS SOLIDARIOS/INF.N°025-2020,31-OCT-20,10,OCTUBRE,C,173,INF.N°25-2020,CON CONFORMIDAD,31-DEC-20,INF.N°025-2020,04-SEP-20,N/E N°173/DONACION DE MEDICOS SOLIDARIOS/INF.N°025-2020,B,49,"ACCES., REPUEST. DE EQ. MÉDICOS Y QUIRÚRG. Y SUMINIST. MÉDIC.(INC. MATER. MED. INSTR. Y ROPA DESC.)",55,"VESTUARIO, COBERTORES, MATERIAL DESCARTABLE PARA INTERNAMIENTO Y HOSPITALIZACIÓN",1,ROPA QUIRÚRGICA PARA PERSONAL MÉDICO Y PACIENTE,720,MANDILON DESCARTABLE TALLA M,112,UNIDAD,328,SIN MARCA,1000.0,4.88,4880.0
2020,HUANUCO,R,GOBIERNO REGIONAL,99,GOBIERNOS REGIONALES,448,GOBIERNO REGIONAL DEL DEPARTAMENTO DE HUANUCO,811,401,REGION HUANUCO-SALUD TINGO MARIA,1,2,ALMACEN DE MEDICINAS,4,NEA - DONACION,2,0,0,MEDICOS SOLIDARIOS,N/E N°173/ DONACION DE MEDICOS SOLIDARIOS/INF.N°025-2020,31-OCT-20,10,OCTUBRE,C,173,INF.N°25-2020,CON CONFORMIDAD,31-DEC-20,INF.N°025-2020,04-SEP-20,N/E N°173/DONACION DE MEDICOS SOLIDARIOS/INF.N°025-2020,B,49,"ACCES., REPUEST. DE EQ. MÉDICOS Y QUIRÚRG. Y SUMINIST. MÉDIC.(INC. MATER. MED. INSTR. Y ROPA DESC.)",57,MATERIAL MÉDICO,41,MASCARILLAS  DESCARTABLES,158,MASCARILLA DESCARTABLE TIPO N-95,112,UNIDAD,328,SIN MARCA,1000.0,2.95,2950.0
2020,HUANUCO,R,GOBIERNO REGIONAL,99,GOBIERNOS REGIONALES,448,GOBIERNO REGIONAL DEL DEPARTAMENTO DE HUANUCO,811,401,REGION HUANUCO-SALUD TINGO MARIA,1,2,ALMACEN DE MEDICINAS,4,NEA - DONACION,2,0,0,MEDICOS SOLIDARIOS,N/E N°173/ DONACION DE MEDICOS SOLIDARIOS/INF.N°025-2020,31-OCT-20,10,OCTUBRE,C,173,INF.N°25-2020,CON CONFORMIDAD,31-DEC-20,INF.N°025-2020,04-SEP-20,N/E N°173/DONACION DE MEDICOS SOLIDARIOS/INF.N°025-2020,B,49,"ACCES., REPUEST. DE EQ. MÉDICOS Y QUIRÚRG. Y SUMINIST. MÉDIC.(INC. MATER. MED. INSTR. Y ROPA DESC.)",57,MATERIAL MÉDICO,28,GUANTES PARA EXAMEN DESCARTABLES (NO QUIRÚRGICOS),11,GUANTE PARA EXAMEN DESCARTABLE TALLA M,112,UNIDAD,328,SIN MARCA,4000.0,0.155,620.0
2020,HUANUCO,R,GOBIERNO REGIONAL,99,GOBIERNOS REGIONALES,448,GOBIERNO REGIONAL DEL DEPARTAMENTO DE HUANUCO,811,401,REGION HUANUCO-SALUD TINGO MARIA,1,2,ALMACEN DE MEDICINAS,4,NEA - DONACION,2,0,0,MEDICOS SOLIDARIOS,N/E N°173/ DONACION DE MEDICOS SOLIDARIOS/INF.N°025-2020,31-OCT-20,10,OCTUBRE,C,173,INF.N°25-2020,CON CONFORMIDAD,31-DEC-20,INF.N°025-2020,04-SEP-20,N/E N°173/DONACION DE MEDICOS SOLIDARIOS/INF.N°025-2020,B,49,"ACCES., REPUEST. DE EQ. MÉDICOS Y QUIRÚRG. Y SUMINIST. MÉDIC.(INC. MATER. MED. INSTR. Y ROPA DESC.)",57,MATERIAL MÉDICO,41,MASCARILLAS  DESCARTABLES,76,MASCARILLA DESCARTABLE QUIRURGICA 3 PLIEGUES,112,UNIDAD,328,SIN MARCA,650.0,2.6,1690.0
2020,HUANUCO,R,GOBIERNO REGIONAL,99,GOBIERNOS REGIONALES,448,GOBIERNO REGIONAL DEL DEPARTAMENTO DE HUANUCO,811,401,REGION HUANUCO-SALUD TINGO MARIA,1,2,ALMACEN DE MEDICINAS,4,NEA - DONACION,2,0,0,MEDICOS SOLIDARIOS,N/E N°173/ DONACION DE MEDICOS SOLIDARIOS/INF.N°025-2020,31-OCT-20,10,OCTUBRE,C,173,INF.N°25-2020,CON CONFORMIDAD,31-DEC-20,INF.N°025-2020,04-SEP-20,N/E N°173/DONACION DE MEDICOS SOLIDARIOS/INF.N°025-2020,B,49,"ACCES., REPUEST. DE EQ. MÉDICOS Y QUIRÚRG. Y SUMINIST. MÉDIC.(INC. MATER. MED. INSTR. Y ROPA DESC.)",55,"VESTUARIO, COBERTORES, MATERIAL DESCARTABLE PARA INTERNAMIENTO Y HOSPITALIZACIÓN",1,ROPA QUIRÚRGICA PARA PERSONAL MÉDICO Y PACIENTE,1280,CHAQUETA Y PANTALÓN DESCARTABLE TALLA L,112,UNIDAD,328,SIN MARCA,500.0,7.25,3625.0
2020,HUANUCO,R,GOBIERNO REGIONAL,99,GOBIERNOS REGIONALES,448,GOBIERNO REGIONAL DEL DEPARTAMENTO DE HUANUCO,811,401,REGION HUANUCO-SALUD TINGO MARIA,1,2,ALMACEN DE MEDICINAS,4,NEA - DONACION,2,0,0,MEDICOS SOLIDARIOS,N/E N°173/ DONACION DE MEDICOS SOLIDARIOS/INF.N°025-2020,31-OCT-20,10,OCTUBRE,C,173,INF.N°25-2020,CON CONFORMIDAD,31-DEC-20,INF.N°025-2020,04-SEP-20,N/E N°173/DONACION DE MEDICOS SOLIDARIOS/INF.N°025-2020,B,49,"ACCES., REPUEST. DE EQ. MÉDICOS Y QUIRÚRG. Y SUMINIST. MÉDIC.(INC. MATER. MED. INSTR. Y ROPA DESC.)",55,"VESTUARIO, COBERTORES, MATERIAL DESCARTABLE PARA INTERNAMIENTO Y HOSPITALIZACIÓN",1,ROPA QUIRÚRGICA PARA PERSONAL MÉDICO Y PACIENTE,587,CUBRE CALZADO DESCARTABLE IMPERMEABLE,112,UNIDAD,328,SIN MARCA,650.0,0.5,325.0
2020,HUANUCO,R,GOBIERNO REGIONAL,99,GOBIERNOS REGIONALES,448,GOBIERNO REGIONAL DEL DEPARTAMENTO DE HUANUCO,811,401,REGION HUANUCO-SALUD TINGO MARIA,1,2,ALMACEN DE MEDICINAS,4,NEA - DONACION,2,0,0,MEDICOS SOLIDARIOS,N/E N°173/ DONACION DE MEDICOS SOLIDARIOS/INF.N°025-2020,31-OCT-20,10,OCTUBRE,C,173,INF.N°25-2020,CON CONFORMIDAD,31-DEC-20,INF.N°025-2020,04-SEP-20,N/E N°173/DONACION DE MEDICOS SOLIDARIOS/INF.N°025-2020,B,80,"SEGURIDAD: REPUESTOS, ACCESORIOS Y PROTECTORES",50,INDUMENTARIA Y PROTECTORES PARA PERSONAS,3,MASCARILLAS Y PROTECTORES DE SEGURIDAD,125,CARETA PROTECTORA DE POLICARBONATO,112,UNIDAD,328,SIN MARCA,500.0,4.0,2000.0
2020,HUANUCO,R,GOBIERNO REGIONAL,99,GOBIERNOS REGIONALES,448,GOBIERNO REGIONAL DEL DEPARTAMENTO DE HUANUCO,811,401,REGION HUANUCO-SALUD TINGO MARIA,1,2,ALMACEN DE MEDICINAS,4,NEA - DONACION,2,0,0,MEDICOS SOLIDARIOS,N/E N°173/ DONACION DE MEDICOS SOLIDARIOS/INF.N°025-2020,31-OCT-20,10,OCTUBRE,C,173,INF.N°25-2020,CON CONFORMIDAD,31-DEC-20,INF.N°025-2020,04-SEP-20,N/E N°173/DONACION DE MEDICOS SOLIDARIOS/INF.N°025-2020,B,49,"ACCES., REPUEST. DE EQ. MÉDICOS Y QUIRÚRG. Y SUMINIST. MÉDIC.(INC. MATER. MED. INSTR. Y ROPA DESC.)",55,"VESTUARIO, COBERTORES, MATERIAL DESCARTABLE PARA INTERNAMIENTO Y HOSPITALIZACIÓN",2,MATERIALES PARA INTERNAMIENTO DE PACIENTE,387,MAMELUCO DESCARTABLE TAMAÑO ESTANDAR COLOR BLANCO,112,UNIDAD,328,SIN MARCA,470.0,47.81,22470.7
2020,HUANUCO,R,GOBIERNO REGIONAL,99,GOBIERNOS REGIONALES,448,GOBIERNO REGIONAL DEL DEPARTAMENTO DE HUANUCO,811,401,REGION HUANUCO-SALUD TINGO MARIA,1,2,ALMACEN DE MEDICINAS,4,NEA - DONACION,3,0,0,MEDICOS SIN FRONTERAS,N/E N°174/DONACION DE MEDICOS SIN FRONTERAS / INF.N°027-2020,31-OCT-20,10,OCTUBRE,C,174,INF.N°027-2020,CON CONFORMIDAD,31-DEC-20,INF.N°027-2020,21-SEP-20,N/E N°174/DONACION DE MEDICOS SIN FRONTERA / INF.N°027-2020,B,49,"ACCES., REPUEST. DE EQ. MÉDICOS Y QUIRÚRG. Y SUMINIST. MÉDIC.(INC. MATER. MED. INSTR. Y ROPA DESC.)",37,"SUMINISTROS, REPUESTOS Y ACCESORIOS PARA EQUIPOS Y MOBILIARIOS MÉDICOS",14,OTROS REPUESTOS Y ACCESORIOS PARA EQUIPOS Y MOBILIARIOS MÉDICOS QUIRÚRGICOS,2344,CAMARA DE HUMIDIFICADOR ADULTO PARA VENTILADOR MECANICO,112,UNIDAD,328,SIN MARCA,40.0,25.0,1000.0
2020,HUANUCO,R,GOBIERNO REGIONAL,99,GOBIERNOS REGIONALES,448,GOBIERNO REGIONAL DEL DEPARTAMENTO DE HUANUCO,811,401,REGION HUANUCO-SALUD TINGO MARIA,1,2,ALMACEN DE MEDICINAS,4,NEA - DONACION,3,0,0,MEDICOS SIN FRONTERAS,N/E N°174/DONACION DE MEDICOS SIN FRONTERAS / INF.N°027-2020,31-OCT-20,10,OCTUBRE,C,174,INF.N°027-2020,CON CONFORMIDAD,31-DEC-20,INF.N°027-2020,21-SEP-20,N/E N°174/DONACION DE MEDICOS SIN FRONTERA / INF.N°027-2020,B,49,"ACCES., REPUEST. DE EQ. MÉDICOS Y QUIRÚRG. Y SUMINIST. MÉDIC.(INC. MATER. MED. INSTR. Y ROPA DESC.)",57,MATERIAL MÉDICO,41,MASCARILLAS  DESCARTABLES,76,MASCARILLA DESCARTABLE QUIRURGICA 3 PLIEGUES,112,UNIDAD,328,SIN MARCA,6000.0,2.6,15600.0
2020,HUANUCO,R,GOBIERNO REGIONAL,99,GOBIERNOS REGIONALES,448,GOBIERNO REGIONAL DEL DEPARTAMENTO DE HUANUCO,811,401,REGION HUANUCO-SALUD TINGO MARIA,1,2,ALMACEN DE MEDICINAS,4,NEA - DONACION,3,0,0,MEDICOS SIN FRONTERAS,N/E N°174/DONACION DE MEDICOS SIN FRONTERAS / INF.N°027-2020,31-OCT-20,10,OCTUBRE,C,174,INF.N°027-2020,CON CONFORMIDAD,31-DEC-20,INF.N°027-2020,21-SEP-20,N/E N°174/DONACION DE MEDICOS SIN FRONTERA / INF.N°027-2020,B,49,"ACCES., REPUEST. DE EQ. MÉDICOS Y QUIRÚRG. Y SUMINIST. MÉDIC.(INC. MATER. MED. INSTR. Y ROPA DESC.)",37,"SUMINISTROS, REPUESTOS Y ACCESORIOS PARA EQUIPOS Y MOBILIARIOS MÉDICOS",14,OTROS REPUESTOS Y ACCESORIOS PARA EQUIPOS Y MOBILIARIOS MÉDICOS QUIRÚRGICOS,1917,TUBO CORRUGADO PARA EQUIPO DE ANESTESIA 92 cm,112,UNIDAD,328,SIN MARCA,40.0,35.0,1400.0
2020,HUANUCO,R,GOBIERNO REGIONAL,99,GOBIERNOS REGIONALES,448,GOBIERNO REGIONAL DEL DEPARTAMENTO DE HUANUCO,811,401,REGION HUANUCO-SALUD TINGO MARIA,1,2,ALMACEN DE MEDICINAS,4,NEA - DONACION,3,0,0,MEDICOS SIN FRONTERAS,N/E N°174/DONACION DE MEDICOS SIN FRONTERAS / INF.N°027-2020,31-OCT-20,10,OCTUBRE,C,174,INF.N°027-2020,CON CONFORMIDAD,31-DEC-20,INF.N°027-2020,21-SEP-20,N/E N°174/DONACION DE MEDICOS SIN FRONTERA / INF.N°027-2020,B,80,"SEGURIDAD: REPUESTOS, ACCESORIOS Y PROTECTORES",50,INDUMENTARIA Y PROTECTORES PARA PERSONAS,1,LENTES DE SEGURIDAD,15,LENTE DE PROTECCION DE POLICARBONATO,112,UNIDAD,328,SIN MARCA,245.0,16.59,4064.55
2020,HUANUCO,R,GOBIERNO REGIONAL,99,GOBIERNOS REGIONALES,448,GOBIERNO REGIONAL DEL DEPARTAMENTO DE HUANUCO,811,401,REGION HUANUCO-SALUD TINGO MARIA,1,2,ALMACEN DE MEDICINAS,4,NEA - DONACION,3,0,0,MEDICOS SIN FRONTERAS,N/E N°174/DONACION DE MEDICOS SIN FRONTERAS / INF.N°027-2020,31-OCT-20,10,OCTUBRE,C,174,INF.N°027-2020,CON CONFORMIDAD,31-DEC-20,INF.N°027-2020,21-SEP-20,N/E N°174/DONACION DE MEDICOS SIN FRONTERA / INF.N°027-2020,B,49,"ACCES., REPUEST. DE EQ. MÉDICOS Y QUIRÚRG. Y SUMINIST. MÉDIC.(INC. MATER. MED. INSTR. Y ROPA DESC.)",57,MATERIAL MÉDICO,18,CÁNULAS PARA OXÍGENO,36,CÁNULA NASAL PARA SISTEMA CPAP DE BURBUJA N° 15,112,UNIDAD,328,SIN MARCA,40.0,15.0,600.0
2020,HUANUCO,R,GOBIERNO REGIONAL,99,GOBIERNOS REGIONALES,448,GOBIERNO REGIONAL DEL DEPARTAMENTO DE HUANUCO,811,401,REGION HUANUCO-SALUD TINGO MARIA,1,2,ALMACEN DE MEDICINAS,4,NEA - DONACION,3,0,0,MEDICOS SIN FRONTERAS,N/E N°174/DONACION DE MEDICOS SIN FRONTERAS / INF.N°027-2020,31-OCT-20,10,OCTUBRE,C,174,INF.N°027-2020,CON CONFORMIDAD,31-DEC-20,INF.N°027-2020,21-SEP-20,N/E N°174/DONACION DE MEDICOS SIN FRONTERA / INF.N°027-2020,B,49,"ACCES., REPUEST. DE EQ. MÉDICOS Y QUIRÚRG. Y SUMINIST. MÉDIC.(INC. MATER. MED. INSTR. Y ROPA DESC.)",57,MATERIAL MÉDICO,41,MASCARILLAS  DESCARTABLES,166,MASCARILLA DE PROTECCION TIPO  FFP3,112,UNIDAD,328,SIN MARCA,240.0,2.6,624.0
2020,HUANUCO,R,GOBIERNO REGIONAL,99,GOBIERNOS REGIONALES,448,GOBIERNO REGIONAL DEL DEPARTAMENTO DE HUANUCO,811,401,REGION HUANUCO-SALUD TINGO MARIA,1,2,ALMACEN DE MEDICINAS,4,NEA - DONACION,3,0,0,MEDICOS SIN FRONTERAS,N/E N°174/DONACION DE MEDICOS SIN FRONTERAS / INF.N°027-2020,31-OCT-20,10,OCTUBRE,C,174,INF.N°027-2020,CON CONFORMIDAD,31-DEC-20,INF.N°027-2020,21-SEP-20,N/E N°174/DONACION DE MEDICOS SIN FRONTERA / INF.N°027-2020,B,80,"SEGURIDAD: REPUESTOS, ACCESORIOS Y PROTECTORES",50,INDUMENTARIA Y PROTECTORES PARA PERSONAS,3,MASCARILLAS Y PROTECTORES DE SEGURIDAD,125,CARETA PROTECTORA DE POLICARBONATO,112,UNIDAD,328,SIN MARCA,467.0,23.2,10834.4
2020,HUANUCO,R,GOBIERNO REGIONAL,99,GOBIERNOS REGIONALES,448,GOBIERNO REGIONAL DEL DEPARTAMENTO DE HUANUCO,811,401,REGION HUANUCO-SALUD TINGO MARIA,1,2,ALMACEN DE MEDICINAS,4,NEA - DONACION,3,0,0,MEDICOS SIN FRONTERAS,N/E N°174/DONACION DE MEDICOS SIN FRONTERAS / INF.N°027-2020,31-OCT-20,10,OCTUBRE,C,174,INF.N°027-2020,CON CONFORMIDAD,31-DEC-20,INF.N°027-2020,21-SEP-20,N/E N°174/DONACION DE MEDICOS SIN FRONTERA / INF.N°027-2020,B,35,PRODUCTOS QUÍMICOS INCLUYE BIO-QUÍMICOS Y GASES INDUSTR. Y REACTIVOS DE ANÁLISIS CLÍNICOS Y DIAG,11,BIOQUÍMICA : REACTIVOS USO ESPECÍFICO Y USO GENERAL,2,BIOQUÍMICA:  REACTIVOS USO ESPECÍFICO,1209,PRUEBA RÁPIDA COVID-19 IgG/IgM,421,DETERMINACION,328,SIN MARCA,7200.0,16.6817,120108.24
2020,HUANUCO,R,GOBIERNO REGIONAL,99,GOBIERNOS REGIONALES,448,GOBIERNO REGIONAL DEL DEPARTAMENTO DE HUANUCO,811,401,REGION HUANUCO-SALUD TINGO MARIA,1,2,ALMACEN DE MEDICINAS,4,NEA - DONACION,3,0,0,MEDICOS SIN FRONTERAS,N/E N°174/DONACION DE MEDICOS SIN FRONTERAS / INF.N°027-2020,31-OCT-20,10,OCTUBRE,C,174,INF.N°027-2020,CON CONFORMIDAD,31-DEC-20,INF.N°027-2020,21-SEP-20,N/E N°174/DONACION DE MEDICOS SIN FRONTERA / INF.N°027-2020,B,49,"ACCES., REPUEST. DE EQ. MÉDICOS Y QUIRÚRG. Y SUMINIST. MÉDIC.(INC. MATER. MED. INSTR. Y ROPA DESC.)",57,MATERIAL MÉDICO,28,GUANTES PARA EXAMEN DESCARTABLES (NO QUIRÚRGICOS),11,GUANTE PARA EXAMEN DESCARTABLE TALLA M,112,UNIDAD,328,SIN MARCA,29000.0,0.155,4495.0
2020,HUANUCO,R,GOBIERNO REGIONAL,99,GOBIERNOS REGIONALES,448,GOBIERNO REGIONAL DEL DEPARTAMENTO DE HUANUCO,811,401,REGION HUANUCO-SALUD TINGO MARIA,1,2,ALMACEN DE MEDICINAS,4,NEA - DONACION,3,0,0,MEDICOS SIN FRONTERAS,N/E N°174/DONACION DE MEDICOS SIN FRONTERAS / INF.N°027-2020,31-OCT-20,10,OCTUBRE,C,174,INF.N°027-2020,CON CONFORMIDAD,31-DEC-20,INF.N°027-2020,21-SEP-20,N/E N°174/DONACION DE MEDICOS SIN FRONTERA / INF.N°027-2020,B,49,"ACCES., REPUEST. DE EQ. MÉDICOS Y QUIRÚRG. Y SUMINIST. MÉDIC.(INC. MATER. MED. INSTR. Y ROPA DESC.)",55,"VESTUARIO, COBERTORES, MATERIAL DESCARTABLE PARA INTERNAMIENTO Y HOSPITALIZACIÓN",1,ROPA QUIRÚRGICA PARA PERSONAL MÉDICO Y PACIENTE,720,MANDILON DESCARTABLE TALLA M,112,UNIDAD,328,SIN MARCA,1000.0,4.88,4880.0
2020,HUANUCO,R,GOBIERNO REGIONAL,99,GOBIERNOS REGIONALES,448,GOBIERNO REGIONAL DEL DEPARTAMENTO DE HUANUCO,812,402,REGION HUANUCO-HOSPITAL DE HUANUCO HERMILIO VALDIZAN,1,1,ALMACEN CENTRAL,4,NEA - DONACION,1,0,0,SUN INDUSTRY GRUP EIRL,PELDAÑO DE METAL COLOR NEGRO CON AZUL DE 1 PISO DONADO POR MEJORA DE LA COMPRA DE SILLONES RECLINABL,10-DEC-20,12,DICIEMBRE,C,G 504,504,CON CONFORMIDAD,10-DEC-20,G 504,10-DEC-20,DONACION POR LA COMPRA DEL SILLON MEDICO RECLNABLE SEGUN ORDEN DE COMPRA N°889 LA EMPRESA DIO COMO MEJORA(04) ESCALINATA DE METAL COLOR NEGRO Y AZUL DE I PISO PARA EL SERVICIO DE UNIDAD RENAL,B,53,HOSPITALIZACIÓN,64,MOBILIARIO DE HOSPITALIZACIÓN,4665,ESCALINATA - GRADILLA,1,ESCALINATA - GRADILLA,112,UNIDAD,328,SIN MARCA,4.0,100.0,400.0
